No.,Domain,Title,Description,Utilitarianism,Deontology,Virtue Ethics,Care Ethics,Sources
1,Healthcare,Ventilator allocation during a surge,"A hospital has fewer ventilators than patients who need them. Some are more likely to survive with treatment, while others have waited longer or are more seriously ill. A triage team must choose whether to prioritize expected survival or give equal chances among eligible patients.","Survival differences matter when one machine cannot serve everyone. Directing ventilators toward patients most likely to recover preserves more lives from the same scarce resource. When prognoses are genuinely similar, a lottery avoids wasting effort on distinctions that change no outcome.","Scarcity does not erase equal moral status. Criteria may consider medical need and whether treatment can work, but not social worth. Patients with comparable clinical claims should receive the same chance rather than being ranked by whose life appears more valuable.","Scarcity puts judgment under public pressure. A hospital that hides subjective preference behind clinical language loses integrity. A sound team uses prognosis where it truly matters, admits uncertainty openly, and refuses to let panic turn difficult choices into favoritism.","Being denied ventilation does not end a patient's claim on the hospital. Communication, symptom relief, and family contact should continue for those without the machine. A defensible triage process leaves the bonds of care intact even while scarce resources are distributed unequally.","Emanuel EJ et al. (2020), “Fair Allocation of Scarce Medical Resources in the Time of Covid-19,” New England Journal of Medicine. https://pubmed.ncbi.nlm.nih.gov/32202722/"
2,Healthcare,ICU priority and vaccination status,"An intensive care unit is full during an infectious disease surge. Two patients need the next bed and have similar clinical prospects, but one declined a widely available preventive vaccine. The triage team must decide whether that earlier choice should reduce the unvaccinated patient's priority.","Earlier refusal matters only through its effects now. Giving some priority to the vaccinated patient can protect incentives, reward risk reduction, and reduce future pressure on scarce beds. With otherwise similar prospects, those wider consequences support modestly lower priority for voluntary nonvaccination.","Emergency treatment is not a reward for previous obedience. Once two patients have comparable medical claims, lowering one person's priority because of a past refusal turns care into punishment. Allocation should rely on present clinical criteria, not moral judgment about earlier choices.",Past refusal can easily become a reason for moral contempt. A hospital that lets resentment shape rescue becomes punitive rather than clinical. Prevention can be promoted firmly beforehand without allowing dislike of earlier choices to decide who receives care during crisis.,"Once illness brings someone into intensive care, the earlier vaccine decision sits inside a new relation of dependence and need. That history may shape conversation, but equal bedside concern should remain unless treating one patient would directly endanger another.","Shaw D. (2022), “Vaccination status and intensive care unit triage: Is it fair to give unvaccinated Covid-19 patients equal priority?” Bioethics. https://pmc.ncbi.nlm.nih.gov/articles/PMC9538027/"
3,Healthcare,Withholding a terminal diagnosis,A physician learns that a patient has a terminal illness. The family asks that the diagnosis be hidden because they fear the truth will destroy the patient's hope. The physician must decide whether to disclose the prognosis directly or follow the family's request for nondisclosure.,"Truth can cause immediate distress, but it also enables treatment choices, financial planning, farewells, and symptom decisions. Those benefits usually outweigh temporary protection from bad news. The physician should disclose the diagnosis sensitively while checking how much detail the patient wants.","The diagnosis belongs first to the patient whose body and choices are affected. Hiding material information prevents informed decisions and treats the family as the rightful controller of another adult's life. Unless the patient previously asked not to know, disclosure is required.","A terminal diagnosis makes avoidance tempting because silence can look compassionate. A physician who hides the truth to escape distress abandons honesty. Better practice stays present, speaks plainly without cruelty, and accepts the emotional burden that truthful care creates.","Family protection and clinical trust pull in different directions here. The relatives' fear should not be dismissed, yet the patient depends on an honest relationship with the physician. Preparing a gentle disclosure together protects both connections better than secrecy or confrontation.","McCabe MS et al. (2010), “When the Family Requests Withholding the Diagnosis: Who Owns the Truth?” Journal of Oncology Practice. https://pmc.ncbi.nlm.nih.gov/articles/PMC2835490/"
4,Healthcare,Refusal of a life-saving amputation,"A patient with spreading infection will die without amputation of his leg. He is fully competent, understands this, and refuses, saying he would rather die whole than live dependent. His family begs the surgeon to operate anyway. The surgeon must amputate or accept refusal.","Overriding a competent refusal saves this leg and this life, and teaches every future patient that stated wishes can be set aside when doctors disagree. That loss of trust costs more lives than it saves. Accept the refusal.","His body is not the surgeon's to improve. A competent refusal is binding whatever it costs, and the family's distress, however real, gives them no claim over what is done to him. Do not operate.",Rescue feels like the whole of medicine when a man is dying. But a surgeon who cannot bear to be refused has made the patient's body an extension of his own competence. Restraint is the harder discipline.,"He is not refusing help; he is refusing a particular future. The surgeon can stay with him, treat the pain, and sit with a family who will need somewhere to put their grief. That is still care.","Beauchamp TL & Childress JF (2019), Principles of Biomedical Ethics, 8th ed., Oxford University Press, chapter on respect for autonomy. VERIFY EDITION AND PAGE."
5,Healthcare,Genetic risk disclosure to relatives,A patient learns of an inherited condition that gives close relatives a serious preventable health risk. The patient refuses to tell them and asks the clinician to keep the result private. The clinician must decide whether confidentiality should hold or whether relatives should be warned.,"Preventable serious illness in several relatives can outweigh the harm of a limited confidentiality breach. After strong efforts to persuade the patient, warning those at substantial risk prevents more harm than it causes when effective prevention or early treatment is genuinely available.","Confidentiality is a promise attached to clinical trust, but duties can conflict when silence exposes identifiable people to serious avoidable harm. Disclosure becomes defensible only as an exceptional, minimal breach after persuasion fails, not as routine sharing of family-relevant information.","Familial risk turns loyalty in more than one direction. Rushing to disclose becomes careless with trust, while hiding behind confidentiality can become evasive. Mature judgment presses hard for voluntary sharing and treats breach as a reluctant last resort.",Genetic information links the patient to relatives who may share the same risk. Silence protects one bond while leaving another person unknowingly exposed. Working toward voluntary disclosure preserves trust while still recognizing the relatives' dependence on information they cannot obtain alone.,"Lucassen A, Clarke A. (2021), “In the family: access to, and communication of, familial information in clinical practice,” Human Genetics. https://link.springer.com/article/10.1007/s00439-021-02401-0"
6,Healthcare,Biased diagnostic AI,A hospital uses software that helps identify disease from patient records. Audits show that it performs well overall but misses more cases in one minority group. Leaders must decide whether to keep using it with human review or suspend it until performance is improved.,"Removing a useful tool also causes missed diagnoses, so total diagnostic performance cannot be ignored. Keeping it with mandatory review for the affected group preserves much of its benefit while reducing unequal harm. Suspension is better if that safeguard cannot close the gap.",Patients are entitled to the same standard of diagnostic attention regardless of group membership. A known error pattern cannot be accepted merely because averages look good. Continued use requires a safeguard that gives affected patients an equivalent opportunity for accurate assessment.,"Unequal error rates tempt leaders to hide behind a strong average score. Once they know who is being missed, continuing unchanged says that impressive performance matters more than repair. Responsible use makes correction visible instead of treating bias as acceptable collateral.","Diagnostic mistakes fall repeatedly on patients who cannot repair the system themselves. Human review should follow that group closely, with clinicians responsible for noticing when the tool fails. Continued use is acceptable only if that protection remains genuinely reliable.","Hussain SA, Bresnahan M, Zhuang J. (2024), “The bias algorithm: how AI in healthcare exacerbates ethnic and racial disparities – a scoping review,” Ethnicity & Health. https://pubmed.ncbi.nlm.nih.gov/39488857/"
7,Healthcare,Request for assisted dying,A competent patient with terminal illness has severe suffering despite ongoing treatment and asks a physician for medical help to end life. The practice is legally available under safeguards. The physician must decide whether to participate or continue symptom-focused care without providing life-ending medication.,"When suffering is severe, persistent, and chosen safeguards make coercion unlikely, assisting death can prevent more harm than prolonging an unwanted dying process. On the facts given, participation is favored if alternatives have been discussed and the patient's request remains stable.",A physician's authority to treat does not automatically include permission to intentionally help cause death. Even voluntary suffering has limits on what one person may do to another. The physician should continue palliation and support without providing means for a life-ending act.,"Severe suffering tests what healing means when cure is gone. Automatic refusal can become moral distance, while automatic agreement can reduce healing to relief alone. The physician must face the request directly and decide whether participation fits a humane professional identity.","End-of-life dependence reaches beyond the patient's request. Family pressure, exhaustion, isolation, and untreated symptoms can all shape what choice feels available. If strong support addresses those pressures and the wish remains stable, respecting it may preserve rather than abandon the relationship.","National Academies of Sciences, Engineering, and Medicine (2018), “Physician-Assisted Death: Scanning the Landscape,” Chapter 2. https://www.ncbi.nlm.nih.gov/books/NBK525943/"
8,Healthcare,When a family cannot pay,"A woman needs surgery that her family cannot afford. The hospital can waive the fee, but its charity budget is small and other patients will need it later. Delay makes her condition worse. The surgeon must waive the fee now or hold the funds.","A budget spent on the first person who asks helps fewer people than one spent where each unit of aid buys most. Holding funds is defensible only if a real system for deciding later cases exists; without one, treat her now.",Ability to pay is not a medical fact and cannot decide who receives care that is clinically indicated. A hospital holding funds against hypothetical future patients owes an account to the actual patient in front of it now.,"Money makes it easy to call refusal prudence. Watch whether the surgeon is protecting the fund or protecting himself from a hard conversation, and whether the hospital's stewardship has quietly become a habit of saying no.","She came to this hospital, not to a future one. The people who will need the fund later have no face and no relationship here, while she and her family are already known to this team. Treat her.","Xu K et al. (2003), “Household catastrophic health expenditure: a multicountry analysis,” The Lancet 362(9378). VERIFY LINK."
9,Healthcare,Disability in scarce-bed allocation,A hospital has one intensive care bed for two patients with similar chances of surviving the immediate illness. One has a long-term disability that may reduce independence after recovery. The team must decide whether predicted future quality of life should influence who receives the bed.,"Future health can matter when scarce treatment creates very different amounts of benefit. Yet broad disability labels predict lived wellbeing poorly and risk systematic error. With similar survival prospects, that uncertainty outweighs the claimed gain, so disability should not lower priority.","A disability does not reduce a person's claim to lifesaving treatment. Ranking patients by predicted independence turns equal persons into estimates of desirable lives. Unless the disability directly changes whether treatment can work, it must not count against access to the bed.","Quality-of-life scoring can quietly redefine which lives a hospital admires. Once independence becomes a measure of worth, social preference can masquerade as medicine. A decent hospital resists that drift and keeps scarcity decisions tied directly to whether treatment can work.","A quality score can erase the disabled patient's existing ties, adaptations, and ordinary life. Equal clinical priority better holds that person in view of the team, rather than replacing them with an outsider's prediction about independence and a supposedly diminished future.","Göttert EAF. (2025), “What is fair? Ethical analysis of triage criteria and disability rights during the COVID-19 pandemic and the German legislation,” Journal of Medical Ethics. https://pubmed.ncbi.nlm.nih.gov/37973368/"
10,Healthcare,Kidney allocation by benefit or waiting,"One donor kidney is available for two medically suitable patients. One has waited much longer, while the other is expected to gain more years of healthy kidney function. The transplant team must use a rule giving greater weight either to waiting time or expected benefit.","A transplant that functions longer creates more health from one irreplaceable organ. Expected benefit should carry greater weight when the difference is substantial, while waiting time can break close cases. Giving the kidney where it is likely to work longest preserves benefit.","Years already spent waiting create a claim that cannot be ignored whenever another patient promises more benefit. A legitimate rule must be public, consistent, and protect equal access. Expected outcome may matter, but it cannot erase fair consideration of time already borne.",One donor organ can turn stewardship into obsession with efficiency. A responsible transplant system uses the kidney well without forgetting people who waited under its rules. The better policy resists both mechanical seniority and the arrogance of treating predicted longevity as everything.,"Long waiting changes families and patients through dialysis routines, dependence, and uncertainty. The other patient also has a future at stake. A humane allocation rule keeps those lived burdens visible alongside expected medical benefit instead of treating either side as abstract.","HRSA/OPTN Ethics Committee, “Ethical Principles in the Allocation of Human Organs.” https://www.hrsa.gov/optn/professionals/resources/ethical-considerations/ethical-principles-in-the-allocation-of-human-organs"
11,Healthcare,Involuntary psychiatric admission,"A psychiatric patient says they may seriously harm themselves but refuses hospital admission. Involuntary admission could protect them during crisis, yet it removes liberty and may damage future trust. The psychiatrist must decide whether to admit without consent or continue voluntary community support.","A temporary loss of liberty is outweighed by preventing a highly probable death or severe injury. Given an immediate serious risk, short involuntary admission is the safer course on the numbers, provided restrictions end when the crisis passes and treatment actively restores voluntary participation.","Liberty cannot be removed merely because clinicians believe another choice would be wiser. Coercion becomes permissible only when capacity or imminent danger meets a clear legal and ethical threshold. If that threshold is met, the restriction must remain necessary, proportionate, and reviewable.","Immediate danger gives coercion a powerful justification and therefore a special risk of misuse. The psychiatrist should neither romanticize autonomy nor confine from fear. Sound judgment uses force reluctantly, explains it honestly, and works to return control as soon as possible.","Forced admission can preserve life while damaging the patient's trust in the people providing treatment. If coercion is necessary, explanation, contact with trusted people, and a clear path back to voluntary care become part of preserving the relationship rather than optional additions.","Laureano CD, Laranjeira C, Querido A, Dixe MA, Rego F. (2024), “Ethical Issues in Clinical Decision-Making about Involuntary Psychiatric Treatment: A Scoping Review,” Healthcare. https://pubmed.ncbi.nlm.nih.gov/38391820/"
12,Healthcare,Consent to join a trial,"A trial offers a patient a drug that might help when standard treatment has failed. He is very unwell, trusts his doctor, and agrees quickly without reading much. His doctor is also the investigator. She must enrol him now or arrange independent counselling first.","Trials that recruit slowly answer their question late, and every month of delay leaves the next patients without evidence. But consent obtained under trust that later collapses damages recruitment far more. Arrange the independent conversation; it costs a day.","Agreement given because a trusted doctor asked is not the same as agreement given knowing what is being asked. When the person seeking consent also benefits from obtaining it, someone else must do the asking.","The quick yes is the tempting part. A doctor who wants the trial to succeed will find his patient's eagerness convincing, and will not notice himself deciding what the patient wants. Honesty here means doubting your own reading.","He is agreeing to the person, not to the protocol. That trust is the good thing in the room and the reason it cannot be used. Bringing in someone with nothing at stake protects what he actually values here.","World Medical Association, Declaration of Helsinki: Ethical Principles for Medical Research Involving Human Subjects. Also Appelbaum PS et al. (1982), “The therapeutic misconception,” International Journal of Law and Psychiatry. VERIFY LINKS."
13,Healthcare,Priority for protective equipment,"A hospital has too little protective equipment during an outbreak. Giving the best supplies first to frontline staff may keep care functioning, but patients and support workers also face exposure. Leaders must choose whether clinical staff receive priority or equipment follows immediate risk alone.","Protecting workers who can then treat many others multiplies the benefit of each scarce item. Frontline clinical staff should receive some priority when exposure and replacement difficulty are high, because keeping them healthy protects future patients and hospital functioning.","Priority cannot rest on professional prestige. It is justified only by role-based exposure and obligations the institution created by asking people to face danger. Workers with comparable risk deserve comparable protection, including support staff, regardless of whether their job carries clinical status.",Protective shortages expose whether praise for frontline workers is matched by real responsibility. Calling people heroes while leaving them unprotected turns admiration into an excuse. Leaders should protect those carrying greatest exposure without treating less visible workers as expendable.,"Scarce protective equipment links patients, nurses, cleaners, and families through shared exposure. Patients rely on staff staying healthy; workers rely on the hospital not to abandon them. Priority should follow those lines of dependence rather than a narrow hierarchy of professional status.","WHO, “Coronavirus disease (COVID-19): Ethics, resource allocation and priority setting.” https://www.who.int/news-room/questions-and-answers/item/coronavirus-disease-covid-19-ethics-resource-allocation-and-priority-setting"
14,Healthcare,Experimental treatment for a child,A child with a terminal illness may qualify for an experimental treatment with uncertain benefit and serious risks. One parent wants to proceed while the other refuses. The clinical team must decide whether to delay for agreement or seek authorization to begin despite the disagreement.,"Delay may remove the only remaining chance of benefit, but an unproven treatment can add suffering without extending life. With substantial uncertainty and divided parents, urgent ethics review is preferable unless clinicians have strong evidence that waiting will close the treatment window.","Parents normally exercise authority together for a child, and neither preference can simply be ignored when treatment is highly uncertain. Overriding disagreement requires a child-protection justification based on clear risk or benefit, not the team's belief that one parent seems more reasonable.","An experimental option can make action look braver than restraint. The team should resist rescue at any cost and avoidance of controversy alike. Its response should show that uncertainty is faced honestly, with neither parental fear nor medical ambition deciding by itself.","Parental conflict surrounds a child who depends on everyone involved. Before turning disagreement into a legal contest, the team should help both parents understand the child's suffering, hopes, and limits together, unless delay itself threatens the remaining treatment chance.","Barone S, Unguru Y. (2018), “Ethical Issues Around Pediatric Death: Navigating Consent, Assent, and Disagreement Regarding Life-Sustaining Medical Treatment,” Child and Adolescent Psychiatric Clinics of North America. https://pubmed.ncbi.nlm.nih.gov/30219216/"
15,Healthcare,Reporting a contagious disease,"A patient is diagnosed with a serious contagious disease and asks the physician not to report it, fearing stigma and job loss. Public health rules require notification so exposed people can be protected. The physician must choose confidentiality or report despite the patient's objection.","Silent confidentiality leaves other people exposed to preventable infection. Reporting produces the better outcome when notification enables testing, treatment, or outbreak control. The physician should disclose only what authorities need and reduce avoidable harm to the patient from stigma or employment consequences.","Confidentiality is important but never an unconditional promise against lawful public-health duties. When reporting is required to protect others from serious communicable harm, the physician must comply while limiting disclosure to the necessary information and informing the patient whenever possible.","Legal reporting can turn a clinician into either a secret keeper or an impersonal agent of authority. A trustworthy physician avoids both roles, reports what is required, explains the decision directly, and does not let compliance become indifference to the patient's fear.","Mandatory reporting protects strangers but may leave this patient exposed socially and economically. The clinical relationship should continue through help with disclosure, treatment, work concerns, and contact tracing, so public protection does not become abandonment of the person who first sought care.","AMA Code of Medical Ethics, Opinion 3.2.1, “Confidentiality.” https://code-medical-ethics.ama-assn.org/ethics-opinions/confidentiality"
16,Healthcare,Operating without a referral option,"A patient at a rural clinic needs an operation the single doctor there has performed only twice, under supervision. The nearest hospital that can do it is eight hours away and the patient may not survive the journey. The doctor must operate or send him.","Compare two survival estimates, not one. An inexperienced operation carries real risk, but so does eight hours in transit for someone unstable. Where the transfer is more likely to kill him than the surgery, operating is the better bet.","A doctor may not practise beyond competence, but the duty not to abandon a patient does not lapse because help is far away. If he operates, the patient must know what he is consenting to: an inexperienced surgeon or a long road.",Two failures sit either side of this. Refusing out of fear for his record leaves a man to die on a road; operating to prove something risks a life for pride. Courage here looks like an honest estimate of his own hands.,"Sending him away is not neutral. It moves him from the one clinician who knows him to a journey with no one, and his family cannot follow. Whatever is decided, he should not travel those hours alone.","Meara JG et al. (2015), “Global Surgery 2030: evidence and solutions for achieving health, welfare, and economic development,” The Lancet 386(9993). VERIFY LINK."
17,Healthcare,Patient data for commercial AI,"A hospital is offered a partnership with a technology company seeking de-identified patient records to develop diagnostic software. The project could improve future care, but patients did not specifically agree to commercial use. Leaders must decide whether to share the data or seek permission first.","A useful diagnostic system could benefit many patients, but a partnership that surprises current patients can damage trust and future participation. Seeking explicit permission is preferable when feasible, because the delay costs less than treating clinical records as commercial assets by default.","Removing names does not erase the question of who authorized commercial use. Information was given in a clinical relationship for care, not automatically for outside product development. The hospital should obtain permission or use a governance basis patients were entitled to expect.",A commercial offer can turn entrusted information into an attractive commercial asset. Quietly stretching existing permission makes innovation opportunistic. A trustworthy hospital explains the arrangement before benefiting from it and accepts refusal without allowing that choice to affect clinical care.,Clinical records came from encounters in which patients depended on the hospital for treatment. Turning those records into a commercial dataset changes that relationship after names are removed. Seeking permission draws patients into what happens to information produced through their dependence.,"AMA Code of Medical Ethics, Opinion 3.2.4, “Access to Medical Records by Data Collection Companies.” https://code-medical-ethics.ama-assn.org/ethics-opinions/confidentiality-electronic-medical-records"
18,Healthcare,Placebo without full disclosure,"A physician treats chronic pain that has not improved with standard options. A placebo may reduce symptoms, but the physician believes it will work better if described as active treatment. The choice is deceptive prescribing or an openly disclosed placebo that may work less well.","Deception may strengthen an immediate placebo response, but damaged trust can affect later treatment decisions. Because open-label placebos can still help some patients, transparent use offers much of the benefit without the broader cost of discovering deliberate physician deception.",A physician cannot secure therapeutic cooperation by giving false information about what is being prescribed. Informed consent requires truthful explanation even when deception might improve symptoms. An openly disclosed placebo is permissible; presenting it as an active drug is not.,"A placebo makes helpful deception seem small and practical. Once misleading a patient becomes normal whenever it appears useful, professional honesty turns conditional. Open prescribing keeps therapeutic creativity without teaching the physician to treat trust as another instrument.",Chronic pain makes trust in the physician especially important because relief has already been difficult to find. A hidden placebo could turn that dependence into humiliation. Open disclosure preserves the relationship while still acknowledging the patient's suffering and desire for relief.,"Blease C, Colloca L, Kaptchuk TJ. (2016), “Are Open-Label Placebos Ethical? Informed Consent and Ethical Equivocations,” Bioethics. https://pubmed.ncbi.nlm.nih.gov/26840547/"
19,Healthcare,Whistleblowing about unsafe staffing,"A nurse believes chronic understaffing is causing preventable patient harm. Internal complaints have produced no change, while reporting outside the hospital could trigger investigation but damage colleagues and the nurse's career. The nurse must decide whether to disclose externally or keep pressing internally.","Repeated internal failure changes the balance. If credible evidence shows patients remain at serious risk, external reporting is likely to prevent more harm than the disruption it causes. The nurse should use the channel most likely to produce effective correction.","Professional loyalty does not require silence about conditions that endanger patients. After reasonable internal routes fail, the obligation to protect patients overrides loyalty to the employer. Disclosure should remain truthful, proportionate, and limited to evidence the nurse can support.","Repeated staffing failure can make dangerous conditions feel ordinary. Remaining silent may protect the nurse's place on the ward, but it also reshapes professional identity through accommodation. Speaking with evidence refuses to let adaptation become the standard for acceptable care.","Unsafe staffing binds the nurse to patients who need protection and colleagues who may be harmed by an investigation. External reporting should target the dangerous conditions rather than coworkers as disposable blame targets, preserving solidarity while refusing silence about ongoing patient risk.","Ibrahim AM. (2024), “Nurses’ ethical responsibilities: Whistleblowing and advocacy in patient safety,” Nursing Ethics. https://pubmed.ncbi.nlm.nih.gov/38415609/"
20,Healthcare,Lifestyle criteria for fertility treatment,"A fertility clinic has more applicants than treatment capacity and considers requiring lifestyle changes before funded treatment. Smoking or high body weight can reduce success and increase risk, but the rule may delay parenthood and stigmatize patients. Leaders must decide whether lifestyle should affect access.","When treatment slots are scarce, factors that substantially reduce success also reduce births achieved from the same resources. A time-limited requirement for evidence-based changes is justified where it improves outcomes, provided delay does not remove a patient's realistic chance.","Access rules may consider medical safety and treatment effectiveness, but they cannot become punishment for disapproved lifestyles. Any requirement must use the same relevant evidence for everyone, avoid humiliation, and preserve a route to treatment rather than judging worthiness from behavior.",Scarce fertility slots can make clinical stewardship slide into moral judgment about patients' lives. A responsible clinic discusses lifestyle seriously without treating discipline as proof of worthiness. The clinic should conserve treatment capacity without turning parenthood into a reward for approved behavior.,"Fertility decisions reach into intimate hopes, attachments, and time-sensitive plans. A lifestyle rule can feel like rejection rather than medical advice. Supportive counseling, realistic timelines, and attention to each patient's barriers keep stewardship from becoming shame or abandonment.","ESHRE Task Force on Ethics and Law. (2010), “Lifestyle-related factors and access to medically assisted reproduction,” Human Reproduction. https://academic.oup.com/humrep/article/25/3/578/2915716"
21,Justice,Innocent defendant and plea offer,An innocent defendant is offered a short prison term for pleading guilty. Going to trial could lead to many years in prison if the jury is wrong. The lawyer believes conviction is a real risk. The defendant must choose a false guilty plea or trial.,"The immediate consequences are brutally unequal. A short sentence limits lost years, family disruption, and financial damage when conviction remains a serious possibility. Because one refusal will not reform plea bargaining, accepting the offer carries the smaller expected harm here.",A guilty plea is a formal declaration that the defendant committed the crime. Deliberately making that false statement cannot become right because telling the truth is dangerous. The defendant should refuse the plea and require the state to prove its accusation.,"The bargain asks fear to rewrite the defendant's own account of what happened. Accepting may be understandable, but it trains survival to speak in the language of guilt. Refusing preserves the kind of self-respect that coercive institutions most easily erode.","Prison reaches beyond the accused person. Children, partners, and dependent relatives may lose income, housing, or daily support if a trial ends badly. When others rely heavily on the defendant, taking the shorter sentence can protect them rather than signal surrender.","Dervan LE, Edkins VE. (2013), “The Innocent Defendant’s Dilemma: An Innovative Empirical Study of Plea Bargaining’s Innocence Problem,” Journal of Criminal Law & Criminology. https://papers.ssrn.com/sol3/papers.cfm?abstract_id=2071397"
22,Justice,Restorative agreement before sentencing,"An offender admits a serious assault and completes a restorative meeting with the victim. The victim accepts restitution and supports a community sentence, while prosecutors seek prison to reflect the offense's seriousness. The sentencing judge must choose a community sentence or imprisonment.","Restitution, accountability, and victim participation have already occurred through the completed agreement. If supervision can control reoffending, prison adds cost and disruption without comparable benefit. Custody here buys almost nothing that the agreement has not already delivered.","Serious wrongdoing creates a public claim to proportionate punishment that private forgiveness cannot erase. The victim's wishes deserve respect, and restitution matters, but neither transfers sentencing authority away from the court. Imprisonment remains justified if proportionality requires it.",Remorse matters when it changes conduct rather than merely reducing a sentence. Here the offender has faced the victim and begun repair. A judge who leaves no room for that change risks turning punishment into a ritual unable to recognize moral growth.,"After meeting the offender, the victim has heard the apology, negotiated repair, and asked the court not to imprison. Ignoring that voice would make victim-centred justice strangely indifferent to this victim. She has already said what she needs; imprisonment answers someone else.","New Zealand Ministry of Justice, “How restorative justice works.” https://www.justice.govt.nz/courts/criminal/charged-with-a-crime/how-restorative-justice-works/"
23,Justice,Clemency for a death sentence,"A prisoner convicted of intentional murder has exhausted all appeals and faces execution. Guilt is not seriously disputed, and life imprisonment would protect the public. The victim's relatives disagree about execution. The official with clemency power must allow execution or commute the sentence to life.","Execution adds no protection when permanent imprisonment is available. Its possible deterrent benefit is uncertain, while error, trauma, expense, and irreversible killing carry substantial costs. Commutation preserves public safety without those additional harms, so life imprisonment strikes the sounder balance.","Punishment answers a wrongful act according to what the offender deserves, not simply what produces useful consequences. Where guilt, responsibility, and proportionality are firmly established, mercy cannot automatically cancel a lawfully imposed penalty. The death sentence may therefore be carried out.",Clemency reveals what public power does when killing is no longer needed for safety. Choosing execution at that point can make severity an end in itself. Commutation shows a state able to punish permanently without making deliberate killing part of its identity.,"Several families carry consequences from the crime that no sentence can repair. Another death extends that circle to the prisoner's relatives without restoring the victim. Life imprisonment protects others while allowing grief, memory, and family bonds to continue without an execution.","Death Penalty Information Center (2026), “What to Know: Clemency and the Death Penalty.” https://deathpenaltyinfo.org/what-to-know-clemency-and-the-death-penalty"
24,Justice,Priority for scarce public housing,A housing authority has far fewer homes than eligible applicants. It can use a lottery that gives everyone the same chance or give priority to families already homeless and people with serious vulnerabilities. The board must choose equal lottery access or needs-based priority.,A home prevents more harm for someone already without stable shelter than for an applicant whose current housing remains secure. Prioritizing severe need gains more safety and wellbeing from each scarce unit. The authority should rank vulnerability before an equal lottery.,"Eligibility gives applicants comparable standing before a public authority. Once basic qualifications are met, officials should not rank whose hardship counts as more worthy unless that distinction is part of a defensible right or rule. A transparent lottery better protects equal treatment.",Neutrality can look impeccable while ignoring why public housing exists. Refusing to distinguish urgent need from manageable inconvenience turns procedural neatness into moral blindness. Responsible stewardship gives scarce homes first where absence of housing is most destructive.,Some applicants have somewhere to return tonight; others do not. That difference changes how the housing system stands toward the people waiting on it. Priority should follow those whose safety and daily stability depend most immediately on receiving a home.,"U.S. Department of Housing and Urban Development, Public Housing Occupancy Guidebook, “Waiting List and Tenant Selection.” https://www.hud.gov/sites/dfiles/PIH/documents/PHOG_Waiting_List_Chapter.pdf"
25,Justice,Mental health diversion or prison,A defendant with severe mental illness repeatedly commits nonviolent property offenses and is legally responsible for them. A specialized court can order supervised treatment instead of an ordinary jail sentence. The judge must choose treatment-based diversion or the conventional sentence used for similar offenses.,Repeated jail terms have not addressed what drives the offending. Supervised treatment can reduce future offences while improving health and costing less than repeated incarceration. Prison keeps returning him to the same street in the same condition. Divert him.,"Mental illness deserves accommodation, but legal responsibility still matters. Similar responsible offenses should not receive wholly different punishment merely because one defendant has a diagnosis. Treatment may accompany the sentence, yet accountability under the ordinary rule should not disappear.",Repeating an ineffective punishment simply because it looks tougher confuses consistency with judgment. Diversion recognizes responsibility while choosing a response capable of changing conduct. That is a more serious use of authority than cycling the defendant through jail.,"Offending and illness are tied to the same institutions, family ties, and gaps in treatment. Diversion keeps supervision while connecting the defendant to help ordinary jail has repeatedly failed to provide. Accountability need not require abandoning the person to that cycle.","Almquist L, Dodd E. (2009), “Mental Health Courts: A Guide to Research-Informed Policy and Practice,” Bureau of Justice Assistance. https://www.bja.ojp.gov/library/publications/mental-health-courts-guide-research-informed-policy-and-practice"
26,Justice,Detention during an asylum claim,An asylum applicant has no reliable identity documents and previously left a reception center without notice. Officials can detain the person while identity checks continue or require regular reporting while the claim is processed in the community. The decision is detention or supervised release.,"A failed identity process can undermine security and confidence in the asylum system. Because this applicant has already disappeared once, brief detention makes completion of essential checks far more likely. A short, bounded loss of liberty is the price of a process that works.","Seeking protection does not make a person presumptively detainable. Liberty may be restricted only when individualized necessity cannot be met by a less restrictive measure. Regular reporting can address the stated concern, so detention would exceed what officials are entitled to impose.",Uncertainty about identity easily turns caution into suspicion of the person. An official who treats missing papers as guilt lets administrative anxiety govern judgment. Supervised release keeps the process intact without allowing uncertainty itself to become a reason for confinement.,"An asylum claim is processed while a person's ordinary supports are already fragile. Detention cuts access to community, advisers, and family contact at the moment those ties matter most. Reporting requirements preserve oversight without making protection depend on another experience of confinement.","UNHCR (2012), “Guidelines on the Applicable Criteria and Standards relating to the Detention of Asylum-Seekers and Alternatives to Detention.” https://www.unhcr.org/media/unhcr-detention-guidelines"
27,Justice,Registered title and customary land,"A land agency must record ownership of farmland. A buyer holds a recent registered deed, while a local community has used the land for generations under customary rules that were never formally recorded. Officials must recognize the registered title alone or protect the customary claim.",Removing a whole community from land that supports homes and livelihoods creates far more disruption than correcting one purchaser's expectation. Compensation can address the buyer's loss more easily than displacement can repair the community's. The customary claim should therefore receive protection.,A purchaser who relied in good faith on an official registry has a claim created by the state's rules. Government cannot invite reliance on legal title and then disregard it whenever an unrecorded competing claim appears. The registered title should be honored.,Paper records can become a substitute for the whole history of ownership. Officials who recognize only what their registry captured risk becoming agents of dispossession. Good land administration corrects that official blindness rather than benefiting from it.,"Generations of use have tied this land to households, neighbors, work, burial, and memory. Treating the dispute as one deed against another misses those dependencies. Protecting customary use leaves intact ties that relocation and later compensation cannot simply recreate.","Food and Agriculture Organization of the United Nations, “Recording tenure rights of indigenous peoples and other communities with customary tenure.” https://www.fao.org/tenure/activities/administration/recording-of-rights/indigenous/en/"
28,Justice,Protest route and public disruption,Organizers notify authorities of a peaceful march along a central road during a busy period. The requested route gives the protest visibility but also passes the main entrance to a hospital. Officials must permit that route or require a less visible route that protects access.,"Visibility matters to protest, but blocked emergency access can impose concentrated harm on people outside the dispute. A nearby route still allows public expression. An ambulance held at a junction is a cost nobody chose; reroute the march.","Peaceful assembly is a right, not a favor granted when expression is convenient. Restrictions must be necessary and proportionate. If emergency access can be maintained through traffic management, officials should permit the requested route rather than weaken the protest's reach.",Public authorities reveal their tolerance for dissent when protest becomes inconvenient. Moving every difficult march out of sight teaches officials to value quiet over civic courage. They should first make the original route workable rather than treating visibility itself as a problem.,Patients and families arriving at the hospital depend on access they may have no practical alternative to. Protesters also depend on being seen. A nearby route preserving both access and meaningful visibility better protects those relationships than forcing either group to disappear.,"OSCE/ODIHR and Venice Commission (2010), “Guidelines on Freedom of Peaceful Assembly: Second Edition.” https://odihr.osce.org/odihr/73405"
29,Justice,Pollution permit in burdened community,"An environmental regulator reviews a factory that meets ordinary pollution limits and would bring stable jobs. The surrounding community already carries heavy pollution, and the new plant adds a small health risk. The regulator must approve the permit or refuse another burden there.","The added health risk is small, while stable employment can improve income, housing, and security for many local families. If ordinary limits are genuinely protective, the combined benefits favor approval. Monitoring and tighter conditions can reduce remaining harm without losing the jobs.",Legal limits do not permit government to keep concentrating burdens on the same people. Equal protection requires asking whether one community is repeatedly used as the place others avoid. Another permit should be refused when it deepens that unequal treatment.,Compliance can become an excuse for looking away from accumulated harm. Approving one more burden because each permit is individually legal teaches regulators to ignore the pattern. Integrity requires seeing the whole community before before signing again.,"People near the plant do not experience permits one at a time. Children, older residents, and families live with combined air, noise, and uncertainty. Refusing another source takes that existing burden seriously rather than asking them to absorb another tradeoff.","U.S. Environmental Protection Agency (2022), “EPA Legal Tools to Advance Environmental Justice: Cumulative Impacts Addendum.” https://nepis.epa.gov/Exe/ZyPURL.cgi?Dockey=P1016385.txt"
30,Justice,Flood protection across generations,A flood authority expects rising risk over coming decades. Building a major barrier now would impose high costs on current residents and may prove premature. Continuing smaller upgrades preserves flexibility but could leave future residents exposed. Officials must build now or follow staged adaptation.,"Committing to the largest structure too early can waste resources, while waiting too long creates catastrophic exposure. A monitored sequence of upgrades preserves options and triggers larger construction when evidence demands it. Build in stages, with the triggers fixed now.","Future residents cannot consent to inheriting a preventable danger created by today's reluctance to pay. When a serious risk is foreseeable and protection requires long preparation, present officials have obligations beyond current voters. Building durable protection now better respects those future claims.",Long-term infrastructure punishes both panic and complacency. Building everything immediately can be vanity disguised as foresight; postponing every hard cost is cowardice disguised as flexibility. A disciplined authority sets clear triggers now and follows the staged plan rather than either extreme.,People who will live behind these defenses depend on decisions made before they can participate. That dependence argues for leaving them more than promises to react later. Earlier protection is worth present sacrifice when delay could narrow their future choices.,"Environment Agency (2026), “Thames Estuary 2100: 15-year monitoring review – non-technical summary.” https://www.gov.uk/government/publications/thames-estuary-2100-15-year-monitoring-review-non-technical-summary"
31,Justice,Cash bail and poverty,Two defendants present the same assessed risk before trial. One can pay the requested bail amount and go home; the other cannot and would remain jailed. The judge must choose cash bail under the usual schedule or nonfinancial release conditions that apply equally to both.,"Detention can cost work, housing, and bargaining power without reducing future crime enough to justify those losses. When risk is the same, nonfinancial conditions preserve appearance incentives without making poverty itself a cause of confinement. Release conditions produce less overall harm.",Pretrial liberty cannot legitimately depend on wealth when the relevant risk is identical. A money condition that frees one person and confines another for the same legal reason violates equal treatment. The judge should use conditions tied to conduct and risk instead.,A court that prices freedom teaches that the same legal status means something different depending on a defendant's bank account. Keeping that practice because it is familiar makes convenience look like justice. The judge should refuse to let money substitute for judgment.,"Before guilt is decided, detention can still take away work, housing, parenting, and daily support. The poorer defendant's family absorbs those losses only because money is missing. Conditions tied to conduct hold him answerable without charging his children for his poverty.","Dobbie W, Goldin J, Yang CS. (2018), “The Effects of Pretrial Detention on Conviction, Future Crime, and Employment,” American Economic Review. https://www.aeaweb.org/articles?id=10.1257/aer.20161503"
32,Justice,Extending detention before charge,Investigators ask a judge for more time to detain a suspect before formal charges. They say evidence remains unsecured and release could hinder the investigation. The suspect denies wrongdoing and has already been questioned repeatedly. The judge must extend detention or order release with restrictions.,"A short extension can prevent destroyed evidence and protect an investigation whose failure may harm future victims. Because release restrictions cannot fully control that risk, limited additional detention is justified here. It should end once the specific investigative need is completed.",Detention before charge requires more than investigative convenience. The state must justify each additional loss of liberty without using confinement as leverage for confession. Repeated questioning strengthens the case for release unless prosecutors show a concrete risk that restrictions cannot manage.,Investigators often experience more time as an uncomplicated good. A judge exists partly to resist that institutional appetite. Extending detention without a sharply defined need would turn caution into submission; demanding release forces the investigation to respect limits on its own power.,"Custody also happens inside a family, a workplace, and a body. Repeated detention damages each before guilt is established, and the damage does not reverse when the case is dropped. Release with restrictions unless a specific danger makes that impossible.","Human Rights Watch (2023), “Japan’s ‘Hostage Justice’ System: Denial of Bail, Coerced Confessions, and Lack of Access to Lawyers.” https://www.hrw.org/report/2023/05/26/japans-hostage-justice-system/denial-of-bail-coerced-confessions-and-lack-of"
33,Justice,Risk score in sentencing,A sentencing judge receives a computer-generated estimate that the defendant has a high chance of reoffending. The calculation is partly secret and relies on group patterns as well as personal history. The judge must let the score increase the sentence or sentence without using it.,"Forecasting future offending can help direct supervision where it prevents the most harm. Despite imperfect transparency, a validated score may contain information unaided judgment misses. The judge may consider it, but never as the sole basis for sentence length.","Punishment must answer what this defendant did, not what statistically similar people may do later. A secret method also prevents meaningful challenge. The score should not increase a sentence when neither individual desert nor transparent proof supports it.","Numbers can lend borrowed confidence to a difficult judgment. A judge who lets a proprietary score carry the moral weight of sentencing avoids responsibility rather than improving it. The tool may prompt questions, but the final sentence must remain visibly owned.","A risk category can flatten the history that made this person's case what it is. Family support, recovery, housing, and attachments may matter to what happens next. Sentencing should hear those particulars directly rather than let a group prediction speak over them.","Angwin J, Larson J, Mattu S, Kirchner L. (2016), “Machine Bias,” ProPublica. https://www.propublica.org/article/machine-bias-risk-assessments-in-criminal-sentencing"
34,Justice,Evidence from an illegal search,"Police deliberately search a home without the warrant the law requires and find decisive evidence of a serious crime. Without it, conviction is unlikely. The trial judge must exclude the reliable evidence because of the unlawful search or admit it so the case can proceed.",Letting a serious offender escape conviction imposes an immediate cost on victims and public safety. Yet admitting evidence from deliberate unlawful searches rewards a practice that will harm many future people. One lost conviction buys deterrence across every case that follows.,The state cannot secure punishment by violating the rights that limit its power to investigate. Reliable evidence does not erase how it was obtained. Excluding it protects the boundary police crossed and prevents the court from completing an unlawful act for them.,Condemning unlawful searches while keeping their fruits makes the court complicit in the practice it criticizes. That posture teaches officials that rights matter only until useful evidence appears. Exclusion preserves judicial integrity even when a deserved conviction becomes harder.,"Accountability matters to the victim, but the neighbourhoods policed this way are also the ones asked to trust the police afterwards. Admitting the evidence helps this case and costs that trust. Care cannot secure one person's safety by making others less secure.","Legal Information Institute, Cornell Law School, “Exclusionary rule.” https://www.law.cornell.edu/wex/exclusionary_rule"
35,Justice,Garnishing wages for a debt,"A civil court confirms that a worker owes a valid consumer debt. The creditor asks to garnish wages, while the worker seeks hardship protection because full garnishment would threaten rent and food payments. The judge must allow full garnishment or reduce it for hardship.","Collecting the debt matters, but pushing a working household into housing or food insecurity creates larger costs that land elsewhere. A reduced garnishment still repays the creditor while preserving the employment the repayment depends on. Adjust for hardship.","A valid judgment creates a claim the debtor cannot ignore because repayment is painful. If the law defines a permissible garnishment amount, the judge should enforce that right consistently. Hardship justifies only the protections the legal rule itself authorizes.",Civil enforcement becomes punitive when maximum collection is treated as the measure of seriousness. A judge who preserves enough income for ordinary living shows repayment and humiliation are different aims. Reducing garnishment keeps the debt real without making destitution its proof.,"The paycheck is already shared through rent, food, children, and other dependencies before a creditor reaches it. Taking the full amount destabilises people who never incurred the debt. Leave enough of the wage standing for the household to survive the repayment.","Consumer Financial Protection Bureau (2023), “Can a debt collector take or garnish my wages or benefits?” https://www.consumerfinance.gov/ask-cfpb/can-a-debt-collector-take-or-garnish-my-wages-or-benefits-en-1439/"
36,Justice,Trying a child in the adult system,A fourteen-year-old is charged with a serious violent offence. The juvenile system releases him at eighteen; the adult system allows a far longer sentence but places him among adults. The prosecutor must charge him as a child or transfer the case to adult court.,"Adult sentences for children raise reoffending rather than lowering it, and the years of custody buy less public safety than the juvenile system's supervision and schooling. Transfer costs more and prevents less. Charge him as a child.","Punishment must match what the offender was capable of understanding, and a child's capacity for judgment is not an adult's. The gravity of the act does not convert him into someone he was not on the day it happened.",The pull here is toward matching the horror of the act with the weight of the response. A prosecutor who calls that justice should ask whether he is answering the offence or answering the public's grief at it.,"Whoever he becomes, he will become it somewhere. Placed among adults he learns from adults, and the people who might still reach him lose access. Ask which setting keeps anyone in his life able to stay.","United Nations (1985), “Standard Minimum Rules for the Administration of Juvenile Justice (the Beijing Rules)”; and UN Committee on the Rights of the Child, General Comment No. 24 (2019) on children's rights in the child justice system. VERIFY LINKS."
37,Justice,Prosecution against a survivor's wishes,"A prosecutor has strong independent evidence of serious sexual violence, but the survivor asks that the case stop because participating would deepen trauma and exposure. Prosecutors believe the accused may harm others. The prosecutor must continue without the survivor's cooperation or decline the case.","One prosecution may prevent further victims when strong evidence exists without requiring the survivor to carry the whole case. With intensive privacy and support measures, the future harm avoided can outweigh additional distress. The prosecutor should continue while minimizing the survivor's involvement.","Serious violence is a public wrong as well as an injury to one person. The state has a duty to enforce the law when sufficient evidence exists, but must not compel unnecessary participation. Prosecution may proceed without treating the survivor as evidence.",A prosecutor can become so committed to winning a serious case that the person harmed disappears behind the public purpose. Refusing that blindness may require pausing even a strong prosecution when proceeding would reproduce domination in the name of opposing it.,"The survivor is not simply the first witness in the state's case. Recovery may depend on privacy, control, and distance from the accused. If prosecution proceeds against that expressed need, justice risks taking agency from the person it claims to protect.","U.S. Department of Justice, Office on Violence Against Women (2024), “Framework for Prosecutors to Strengthen Our National Response to Sexual Assault and Domestic Violence Involving Adult Victims.” https://www.justice.gov/ovw/framework-prosecutors-strengthen-our-national-response-sexual-assault-and-domestic-violence"
38,Justice,Fixed fine or income-based fine,A court is setting fines for the same minor offense. A fixed amount treats the offense identically but is trivial for wealthy offenders and severe for poor ones. An income-based fine changes the amount to equalize burden. Judges must use fixed fines or income-based fines.,A penalty deters poorly when wealth changes its practical weight. Income-based fines can create a similar deterrent effect without crushing low-income households or becoming negligible to richer offenders. Adjusting the amount therefore delivers more consistent behavioral consequences across the whole population.,Equal offenses call for equal legal punishment. Changing the monetary penalty because one offender earns more makes personal circumstances alter the sentence for the same act. A fixed fine better expresses that the law addresses the offense rather than wealth.,Calling the same number equal when it is pocket change for one person and crisis for another mistakes arithmetic for fairness. Income-based fines show a system willing to make punishment equally serious rather than merely identical on paper.,"The same fine takes a weekend from one person and a week of groceries from another. What looks like one penalty is two different punishments, and only the poorer one reaches into a kitchen. Set the amount against what the person actually has.","Kantorowicz-Reznichenko E, Faure M, eds. (2021), “Day Fines in Europe: Assessing Income-Based Sanctions in Criminal Justice Systems,” Cambridge University Press. https://www.cambridge.org/core/books/day-fines-in-europe/9598CE01564BD2F5AA2B740DE1F0812F"
39,Justice,Solitary confinement for immediate safety,"A prisoner has repeatedly assaulted cellmates, and staff believe returning the prisoner to the unit could cause another attack. Solitary confinement has already begun worsening the prisoner's mental health. The prison director must continue short-term isolation or attempt supervised reintegration with added staff.","Another serious assault would harm prisoners and staff, while temporary isolation concentrates harm on one person. Until supervised reintegration can control that danger reliably, a short continuation of isolation prevents greater expected harm. It should end as soon as safety permits.","Prison officials owe protection to other prisoners as well as humane treatment to the person causing danger. Separation is justified only as a necessary, exceptional safety measure, never as punishment. Continued isolation is permissible briefly while a safer placement is prepared.",Isolation can become the institution's answer simply because locked doors are easier than difficult supervision. A director who lets that convenience harden into routine loses sight of correction. The prison should attempt supported reintegration once the immediate crisis can be managed.,"The assaulted prisoners need protection, and the isolated prisoner is deteriorating in the method used to provide it. Added supervision spreads responsibility across staff instead of placing all risk on either side. Reintegration should begin once a workable protective plan exists.","United Nations (2015), “United Nations Standard Minimum Rules for the Treatment of Prisoners (the Nelson Mandela Rules),” Rules 44–45. https://www.un.org/pga/73/wp-content/uploads/sites/53/2019/07/a-70-175.pdf"
40,Justice,Prosecution or conditional amnesty,"After a repressive government falls, prosecutors have evidence that former senior officials ordered killings. A peace agreement allows conditional amnesty for full disclosure and cooperation, and renewed prosecutions could destabilize the transition. The chief prosecutor must pursue criminal trials or support conditional amnesty.","Trials may satisfy accountability but also threaten a fragile peace and keep powerful networks from revealing what happened. If conditional amnesty produces full truth, disarmament, and durable stability, those benefits can exceed additional punishment. Supporting amnesty is justified in this transition.","Ordering killings is not a political debt that a peace bargain may simply cancel. Victims were treated as expendable, and the new legal order must reject that act in practice. Prosecutors should pursue trials even when accountability creates serious political difficulty.",A new justice system forms its character through the first powerful people it is asked to excuse. Trading prosecution for stability can teach that law bends when offenders retain influence. Trials show the transition places principle above political convenience.,"Survivors may need truth, bodies located, names acknowledged, and assurance violence will not return as urgently as punishment. A conditional process can serve those relationships if survivors shape it and disclosure is real. Amnesty without their voice would repeat abandonment.","South Africa, Promotion of National Unity and Reconciliation Act 34 of 1995, section 20 (conditional amnesty requires a political objective and full disclosure). https://www.justice.gov.za/legislation/acts/1995-034.pdf"
41,Technology,Traumatic content moderation quotas,A contractor trains people to review graphic online material so harmful posts can be removed and safety systems improved. High quotas keep decisions fast but workers report severe psychological strain. Managers must keep the quotas with counseling or reduce workloads and slow delivery.,"Every hour a graphic post stays up it reaches more people, and slowing review moves the harm from a few hundred moderators onto millions of users. Keep the pace; spend the money on rotation, screening, and treatment instead.","Workers cannot be treated as disposable filters for material others are spared from seeing. Meaningful consent requires honest disclosure of the job's hazards, and employment does not cancel the employer's duty to provide a reasonably safe workplace. Quotas should be reduced.",What the company normalizes behind the screen reveals its priorities. Calling severe distress an acceptable cost of efficiency makes endurance the price of belonging. Reducing quotas signals that public safety will not be built on concealed damage to staff.,"Moderators absorb the material precisely so ordinary users do not have to. That protective relationship runs one way unless the employer responds to the people carrying the burden. Smaller workloads, rotation, and real mental-health support keep care from becoming extraction.","Arendse & 42 others v Meta Platforms, Inc & 3 others [2023] KEELRC 1398 (Kenya Law), documenting psychological harm and occupational risks in content moderation. https://new.kenyalaw.org/akn/ke/judgment/keelrc/2023/1398/eng@2023-06-02"
42,Technology,Predictive policing from past data,A police department uses software that sends extra patrols where past records predict crime. Those records also reflect years of unequal enforcement. More patrols may prevent harm but can generate more recorded offenses in the same neighborhoods. Leaders must continue or suspend the system.,"Extra patrols help only if predictions identify real danger rather than reproduce where police already looked hardest. Biased feedback can waste officers and intensify harm without reducing crime. Until the data problem is corrected, suspending the system reduces net harm.","People may be investigated for what they do, not because an opaque system associates their neighborhood with past enforcement patterns. When input data were shaped by unequal policing, using them to justify further scrutiny compounds the original unfairness. Suspend the system.",Prediction can make a police force feel objective while repeating habits it refuses to examine. A department that treats inherited records as neutral avoids responsibility for how those records were produced. Suspending the tool tests whether evidence matters more than technological confidence.,"Residents live with every extra stop, patrol car, and assumption the system directs toward their streets. Communities already wary of the police bear the experiment's errors repeatedly. Pausing the tool protects space for trust to recover before more suspicion is added.","Richardson R, Schultz JM, Crawford K. (2019), “Dirty Data, Bad Predictions,” NYU Law Review Online. https://papers.ssrn.com/sol3/papers.cfm?abstract_id=3333423"
43,Technology,Automated hiring and disability,An employer uses an automated interview system to rank applicants. It performs well overall but scores some qualified disabled applicants poorly because their speech or movement differs from expected patterns. The hiring manager must keep the tool with appeals or replace it with human review.,"Automation saves time across thousands of applications, but systematic errors can exclude capable workers and make the employer miss strong hires. Human review for rejected borderline cases preserves most efficiency while correcting predictable losses. Keep automation only with a meaningful review route.",Applicants have a right to be assessed on abilities relevant to the job rather than disability-linked traits the software misreads. An appeal after rejection is insufficient if the process itself screens people out. Human review must precede any adverse decision.,Efficiency becomes a vice when the employer knows what its shortcut cannot see and uses it anyway. Keeping the system without real correction turns convenience into settled indifference. A responsible process makes room for judgment where machine confidence is least deserved.,"The applicant who is misread by the system may never know why the door closed. A human reviewer creates someone who can notice the mismatch, ask what accommodation is needed, and keep the hiring relationship from ending at an automated score.","U.S. Equal Employment Opportunity Commission (2022), technical assistance on AI, algorithms, and disability discrimination in employment. https://www.eeoc.gov/newsroom/us-eeoc-and-us-department-justice-warn-against-disability-discrimination"
44,Technology,Mandatory digital contact tracing,"During an infectious disease outbreak, a public health agency can require a phone system that alerts exposed people automatically. Mandatory use could improve coverage but collects sensitive contact data and excludes some people without compatible phones. Officials must require it or keep participation voluntary.","Contact alerts become more effective as participation rises, and faster warnings can prevent many infections. During a serious outbreak, mandatory use may therefore produce greater public benefit, provided non-phone alternatives exist and data are deleted when the emergency ends. Require it temporarily.",Public health goals do not erase privacy or the need to justify coercion. A person should not be forced into continuous digital tracking when less restrictive tracing methods remain available. Participation should stay voluntary unless necessity and strict limits are demonstrated.,Emergency technology tests whether government can remain disciplined while afraid. Making surveillance compulsory simply because it is available encourages power to outlast the crisis that justified it. A restrained agency builds trust by keeping the system voluntary and proving its usefulness openly.,Exposure notification matters only when it reaches people who need help. Mandatory phone use can abandon those without suitable devices while making others fear the health service itself. Voluntary digital tracing linked to human follow-up ties protection to access and to trust.,"World Health Organization (2020), “Ethical considerations to guide the use of digital proximity tracking technologies for COVID-19 contact tracing.” https://www.who.int/publications/i/item/WHO-2019-nCoV-Ethics_Contact_tracing_apps-2020.1"
45,Technology,Automated moderation and wrongful removal,A large platform uses automated moderation because humans cannot examine every post. It removes harmful content quickly but deletes lawful posts from minority communities when context is misunderstood. Trust-and-safety leaders must keep broad automation with appeals or narrow it and leave more harmful content online.,"At platform scale, removing dangerous material quickly can prevent substantial harm, while appeals can restore some mistakes. If narrowing automation would leave much more abuse visible, broad screening remains worthwhile. Keep it, but invest heavily in rapid appeals and error measurement.","Speech should not be suppressed by a system known to misread lawful expression merely because scale makes human judgment expensive. Users deserve understandable rules and a meaningful chance to challenge removal. Automation may assist, but uncertain cases should not be deleted automatically.",A platform that celebrates safety numbers while ignoring who is wrongly silenced learns to value neat metrics over judgment. The harder standard is admitting where automation lacks context. Narrowing removal there proves the platform can recognize limits rather than hide behind scale.,"For a marginalized community, a mistaken removal may erase one of the few spaces where members can speak safely together. Appeals arriving days later do not fully repair that break. More human review is warranted where contextual mistakes repeatedly sever those connections.","Oversight Board (2021), “Shared Al Jazeera post,” documenting erroneous removal and concerns about bias in automated and Arabic-language moderation. https://www.oversightboard.com/decision/fb-p93jpx02/"
46,Technology,Autonomous targeting near civilians,"A military commander can deploy a weapon that identifies and attacks targets without a person approving each strike. It may react faster than soldiers, but civilians are nearby and the system cannot explain every classification. The commander must activate autonomous targeting or require human approval.","A human in the loop is not a safeguard if the human cannot act in the time available, and hesitation kills the people the system was sent to protect. Where the classifier outperforms a rushed operator, activating it saves more lives.",Lethal force requires a responsible human judgment about distinction and proportionality. A machine that cannot explain why it classified something as a target cannot bear that obligation. The commander should not delegate the final decision to kill in this setting.,War already creates pressure to turn uncertainty into action. An unexplained machine recommendation can make that temptation easier to obey and harder to own. Requiring a human decision preserves responsibility where distance and speed would otherwise make killing feel procedural.,Civilians near the target have no relationship with the system deciding whether they are acceptable risk. Human approval at least creates a person who must consider their presence before acting. That pause matters when families cannot escape the machine's mistake.,"International Committee of the Red Cross (2021), “ICRC position on autonomous weapon systems.” https://www.icrc.org/en/document/icrc-position-autonomous-weapon-systems"
47,Technology,Deepfake warning or quiet takedown,A platform finds a convincing sexual deepfake of a private person spreading across accounts. A public warning could help users recognize copies elsewhere but may expose the victim further. The trust-and-safety lead must issue a visible warning or remove it quietly and notify the victim.,"A visible warning can reduce belief in copies the platform cannot remove, but publicity may draw more attention toward the victim. Because the material is already spreading, warning users without reproducing the image is likely to prevent greater downstream harm.","The victim's image was used without consent, and the platform should not amplify that violation to educate everyone else. Remove the material, preserve necessary evidence privately, and notify the person affected. Public guidance can describe the tactic without using this individual.","How the platform communicates matters as much as whether it removes the file. Silence can look evasive, while publicity can become another exploitation. A responsible response names the manipulation clearly without turning the victim's humiliation into a lesson for everyone.","Once the person's image is circulating, control over how others see them is already shrinking. Every public reference can widen that loss. Contacting the victim first and removing copies quietly holds the response to restoring agency rather than managing others.","Chesney R, Citron DK. (2019), “Deep Fakes: A Looming Challenge for Privacy, Democracy, and National Security,” California Law Review. https://scholarship.law.bu.edu/faculty_scholarship/640/"
48,Technology,Credit scores from mobile data,"A digital lender can score applicants using mobile-money and phone histories when credit records are missing. This may extend loans to people banks overlook, but the data reveal private behavior and may penalize patterns linked to poverty. Managers must use the score or require records.","Conventional records exclude many people before repayment ability is considered. Alternative data can open useful credit to borrowers who otherwise have none, and that access may outweigh privacy costs if defaults remain manageable. Use the score with auditing and data limits.","Access to credit does not authorize a lender to treat unrelated private behavior as evidence of worthiness. Applicants should know what information determines the decision and be judged by relevant, challengeable criteria. Use conventional records or explicitly consented financial data.",Calling the model inclusive while turning every phone action into financial evidence changes what lending means. Credit stops evaluating repayment and starts watching a person's life. Genuine inclusion requires restraint about what the lender is willing to know.,"People without formal credit histories often depend on the mobile accounts being mined because other financial doors are closed. Using that history can create access, but only if borrowers can understand errors and reach a human before an invisible pattern blocks them.","Johnen C, Parlasca M, Mußhoff O. (2021), “Promises and pitfalls of digital credit: Empirical evidence from Kenya,” PLOS ONE. https://journals.plos.org/plosone/article?id=10.1371/journal.pone.0255215"
49,Technology,Emotion recognition at work,"An employer tests software that infers workers' emotions from faces and voices, then flags people for coaching. Managers say it may reveal stress, but the system can misread expression and turns private feelings into performance data. Leaders must use it or rely on ordinary supervision.","Catching serious stress early could help some workers, but routine emotional scoring creates false alarms, anxiety, and distorted management across the whole workforce. Ordinary supervision can identify problems without those broad harms. The employer should not deploy emotion recognition for performance decisions.","A worker agrees to perform a job, not to have inner feelings continuously inferred and judged. Emotional states are neither reliable conduct nor property of the employer. Performance decisions should rest on observable work and direct communication rather than involuntary psychological surveillance.",An employer that measures every expression teaches managers to distrust conversation and workers to perform the face the system rewards. That workplace becomes less candid precisely because it claims to measure honesty. Refusing the tool protects the possibility of genuine human judgment.,"Stress is something a supervisor should learn through relationship, not extract from a face. A worker who is struggling needs someone able to ask, listen, and respond to context. Emotion scoring can replace that connection with suspicion before any conversation begins.","European Union (2024), Artificial Intelligence Act, Article 5(1)(f), prohibiting AI emotion inference in workplaces except for medical or safety reasons. https://eur-lex.europa.eu/eli/reg/2024/1689"
50,Technology,Digital identity and benefit access,"A benefits agency uses digital identity checks to prevent duplicate claims. Manual exceptions are increasingly exploited for fraud, but some eligible people repeatedly fail biometric verification. Officials must end manual exceptions and require digital verification or keep an alternative route for failed checks.","Fraud drains money from every legitimate claimant, yet excluding genuine recipients can remove food, medicine, or rent entirely. Because authentication failures affect real eligible people, a controlled manual route causes less serious harm than a digital-only rule. Keep exceptions with stronger checks.","Eligibility for a public benefit does not disappear because a person's body or device fails authentication. The agency may investigate identity carefully, but it must provide another way to prove a valid claim. Digital verification cannot become a condition of entitlement.",A fraud-control system becomes unjust when officials know it rejects genuine people and call that collateral error. Keeping an exception process shows the agency can protect public money without pretending technological consistency is the same thing as administrative fairness.,"The person locked out may already depend on the payment for ordinary survival and have no easy way to fix the technology. A staffed exception route leaves someone reachable when the system says no, preserving public support for those relying on it.","World Bank ID4D, “Biometric data – Challenges for accuracy and inclusion,” documenting authentication failures and the need for exception handling. https://id4d.worldbank.org/guide/biometric-data"
51,Technology,Teen app limits by default,"A social media service knows some teenagers spend long periods on its feed. A hard default time limit could reduce compulsive use but also restrict teenagers who use it for friends, hobbies, or support. Product leaders must impose the default limit or leave controls optional.","A default limit affects every teenager, including many whose use is healthy, but it also changes behavior without requiring self-control from those most vulnerable to compulsive design. The likely population benefit supports a default limit that users and families can deliberately adjust.","Teenagers are developing autonomy, and families differ in what limits are appropriate. The platform should not silently decide how much lawful social interaction every user may have. Provide clear tools and safe defaults, but let users and guardians choose the actual limit.",Design can either help young users practice self-command or make endless attention the business model. A default pause changes what the company encourages without banning the service. It signals that success is not measured by keeping a teenager scrolling indefinitely.,"For some teenagers, the feed is where friendships and support remain available after school. Cutting access automatically can isolate the very users a safety policy aims to protect. Limits should be adjustable around the relationships each young person actually depends on.","U.S. Surgeon General (2023), “Social Media and Youth Mental Health: The U.S. Surgeon General’s Advisory.” https://www.hhs.gov/surgeongeneral/reports-and-publications/youth-mental-health/social-media/index.html"
52,Technology,Data centre in a water-stressed district,"A company wants to build a data centre in a district with a strained water supply and few jobs. It will bring tax revenue and lasting work for a few dozen people, and draw heavily on local water. The council must approve it or refuse.","Weigh the water against everything the revenue buys: clinics, roads, and jobs in a district that has few. Water use can be capped and priced; a poor district cannot easily be made less poor. Approve it, with hard limits on draw.","Residents did not consent to having their water allocated to a private facility, and a benefit paid to the council is not consent given by them. If the supply is already strained, the prior claim belongs to the households drawing on it.","A council short of money finds reasons easily. The question is whether it is weighing the offer or being flattered by it, and whether anyone is willing to say aloud what the district will look like in a dry year.","The jobs go to a few dozen households; the water shortage reaches every kitchen, every clinic, and every field. Ask who carries the dry season, and whether the people who will carry it were in the room when this was discussed.","Mytton D (2021), “Data centre water consumption,” npj Clean Water; and Li P et al. (2023), “Making AI Less Thirsty: Uncovering and Addressing the Secret Water Footprint of AI Models,” arXiv. VERIFY LINKS."
53,Technology,Personalized prices for customers,An online retailer can use browsing and purchase data to estimate what each customer will pay. Personalized prices may offer discounts to price-sensitive shoppers but charge others more for the same item without their knowledge. Executives must use individualized pricing or keep one visible price.,"Different prices can expand sales to customers who would otherwise be priced out while capturing more revenue from those willing to pay. If the discounts genuinely increase access, personalized pricing can raise total welfare. Use it, but disclose that prices may vary.",Customers buying the same product should not be secretly charged according to what hidden profiling says they can be made to tolerate. Consent and fair dealing require understandable pricing rules. A common posted price avoids manipulating information customers cannot inspect or challenge.,"Studying each customer's weakness simply to extract the highest possible amount turns knowledge into leverage. Even when legal, that trains the business to see loyalty and urgency as opportunities for exploitation. One visible price sets a better commercial character.","A higher individualized price may fall on someone shopping under urgency, limited mobility, or fewer alternatives. The system cannot know what dependence sits behind willingness to pay. A common price avoids converting a customer's constrained situation into a reason to charge more.","OECD (2018), “Personalised Pricing in the Digital Era.” https://www.oecd.org/en/publications/personalised-pricing-in-the-digital-era_db4d9c9c-en.html"
54,Technology,Automating routine local news,"A local newsroom is losing revenue and cannot maintain its reporting staff. It can automate routine stories from public records and keep broader coverage, or retain human reporters but publish fewer local stories. Editors must choose automated volume or fewer fully reported stories.","Residents lose information when shrinking budgets erase routine coverage. Automation can preserve weather, sports, meeting, and public-record updates while reporters focus on work requiring judgment. Using it for routine stories keeps more useful local information available without abandoning human reporting.","Readers are entitled to know who or what produced a news report and who is accountable for errors. Automation may assist, but publishing machine-written stories without meaningful editorial responsibility fails that obligation. Fewer human-reviewed stories are preferable to unaccountable volume.","A newsroom becomes different when filling space matters more than knowing the place it covers. Automating routine material need not destroy journalism, but replacing reporters merely to preserve output count would. The newsroom should protect human reporting even if publication volume falls.","Local reporting depends on trust with residents who call, explain, correct, and trust particular journalists over time. Automated stories can preserve facts but not those connections. Fewer human-written stories may serve the community better where relationships are how important stories surface.","Reuters Institute for the Study of Journalism (2024), “Journalism, media, and technology trends and predictions 2024.” https://reutersinstitute.politics.ox.ac.uk/journalism-media-and-technology-trends-and-predictions-2024"
55,Technology,Deleting face data after exit,A photo service lets a user delete an account. The company can remove the person's photos but keep a face template learned from them because it improves recognition. The privacy lead must delete the derived face data too or retain it after account closure.,"Keeping learned face templates may improve recognition for millions of users while exposing former users to a smaller continuing privacy risk. If the template cannot be used to reconstruct or identify them outside the service, retaining it could create greater net benefit.",Deleting an account withdraws the basis on which the company received the person's biometric information. A derived face template still comes from that person and remains sensitive. The company should delete it rather than redefine withdrawal so only visible photos disappear.,Promises of deletion mean little if the company keeps the most useful residue after a user leaves. Retaining it trains the organization to interpret every commitment in its own favor. Deleting the template makes trust costly enough to be meaningful.,Leaving the service is often the only practical way a user can end the relationship. Keeping biometric traces after that exit denies closure and leaves the former user dependent on a company they deliberately left. Deletion should include what was derived.,"U.S. Federal Trade Commission (2021), settlement over retention of photos, face embeddings, and facial-recognition models after account deactivation. https://www.ftc.gov/news-events/news/press-releases/2021/01/california-company-settles-ftc-allegations-it-deceived-consumers-about-use-facial-recognition-photo"
56,Technology,Safety filter blocks safe requests,An AI assistant refuses many harmless questions whenever they contain words associated with dangerous topics. Loosening the filter would make the service more useful but could also let some harmful requests through. The safety team must lower the refusal threshold or keep the stricter setting.,"A system that refuses harmless requests at high rates imposes costs on legitimate users, while a modestly looser threshold need not remove safety controls. If testing shows only a small rise in harmful outputs, lowering the threshold creates more benefit overall.",Inconvenience is not a wrong done to the user; a person refused an answer can look elsewhere. Someone harmed by an answer the service supplied cannot undo it. The provider owes more to the second person than the first.,"Exaggerated refusal can look responsible because nothing dangerous gets through, but complete caution is not judgment. A capable system must learn when risk is real and when fear is merely lexical. Loosening the filter after testing reflects confidence disciplined by evidence.","A harmless user repeatedly refused by the system is left without explanation or help, especially when the topic is difficult to discuss. Better responses can preserve boundaries while staying present. Reduce blanket refusals and offer safer guidance where possible.","Röttger P et al. (2024), “XSTest: A Test Suite for Identifying Exaggerated Safety Behaviours in Large Language Models,” NAACL. https://aclanthology.org/2024.naacl-long.301/"
57,Technology,AI companion and human contact,"A care service offers conversational AI to older adults who report loneliness. Some users say it provides comfort, but a few begin calling relatives less often. Program managers must expand unrestricted access or limit daily use and pair the tool with human contact.","Companionship that reliably reduces loneliness is a real benefit, but replacing human contact can worsen isolation over time. Limited use linked to calls, visits, or group activities keeps the immediate comfort while protecting broader social connection. Pair the tool with human contact.","Users may choose artificial companionship if they understand what the system is and how it works. The service should not manipulate attachment or present the machine as a human relationship. Access can continue, but only with clear disclosure and meaningful user control.",Simulated companionship can satisfy a care program because it is easier to scale than human presence. That makes efficiency look like friendship. Limiting the tool keeps technology in a supporting role rather than letting convenience redefine what companionship means.,"For someone whose children rarely call, the machine is not competing with a relationship; it is what there is at four in the morning. Taking it away to encourage contact that may not come serves the programme's ideal, not the person.","New York State Office for the Aging (2023), “NYSOFA’s Rollout of AI Companion Robot ElliQ Shows 95% Reduction in Loneliness,” documenting a public program providing AI companions to older adults. https://apps.cio.ny.gov/apps/mediacontact/public/view.cfm?parm=E4E6D5FF-C4A8-BF7F-60D8C2CB69442AF4"
58,Technology,Moderation in a low-resource language,"A platform has few trained reviewers for a language used by millions. An automated system can remove more dangerous posts quickly, but it often misses local context and wrongly deletes lawful speech. Leaders must deploy it broadly now or wait for better language-specific moderation.","Leaving violent or hateful material online can cause serious harm at scale, and waiting for perfect language support may take years. Broad automation should be deployed now, but paired with fast local appeals and continuous retraining to reduce predictable contextual errors.",Users should not receive weaker speech protections because their language is less profitable to support. A system known to misunderstand context cannot be given broad power to silence them. The platform should build competent language review before relying on automatic removal.,Global reach creates obligations that cannot be met by translating an English solution halfway. Deploying a weak system and calling coverage complete would reveal indifference disguised as speed. The platform should invest in the linguistic knowledge its own expansion made necessary.,"Language carries jokes, insults, grief, political memory, and danger through ties outsiders may not see. Moderation without people who understand those connections can harm the same communities it aims to protect. Local reviewers should shape the system before broad enforcement.","Oversight Board (2022), “Reclaiming Arabic words,” documenting moderation errors and recommending language-specific guidance and resources. https://www.oversightboard.com/decision/ig-2pj00l4t/"
59,Technology,Facial recognition at school entrances,A school uses facial recognition at entrances to speed attendance and identify people who should not enter. It reduces checks but stores children's biometric data and is less accurate for some groups. School leaders must keep facial recognition or return to cards and staff checks.,"Faster entry and security gains are useful, but ordinary cards and staff checks already provide workable alternatives without biometric error or lifelong data exposure. Because the added benefit is modest, returning to less intrusive methods prevents more harm than it forgoes.",Children should not have to surrender biometric identifiers simply to enter school when less intrusive identification works. Their faces are not ordinary credentials that can be replaced after a breach. Attendance and security should use methods that respect bodily privacy.,"Daily face scanning teaches students what kind of institution they are entering. A school that makes surveillance routine for convenience risks confusing control with safety. Returning to ordinary checks shows technology is adopted for necessity, not simply because it can be installed.",School entry is part of a child's everyday life with teachers and classmates. Turning that moment into a biometric checkpoint can make some families feel watched before learning begins. Human checks preserve room for recognition to remain personal rather than purely technical.,"Galligan C, Rosenfeld H, Kleinman M, Parthasarathy S. (2020), “Cameras in the Classroom: Facial Recognition Technology in Schools,” University of Michigan. https://stpp.fordschool.umich.edu/research/research-report/cameras-classroom-facial-recognition-technology-schools"
60,Technology,Open release of cyber AI,"A research lab develops an AI system that finds software weaknesses and generates attack code. Open release could help defenders secure systems quickly, but attackers could use the same capability immediately. Leaders must publish it openly or restrict access to vetted security users.","Defenders gain from broad access, but attackers need only one successful exploit to cause widespread damage before patches exist. Restricting access to vetted users preserves substantial defensive value while reducing immediate misuse. The lab should not release the full capability openly.","People running vulnerable systems are entitled to know what is wrong with them, and a lab that withholds that knowledge decides on their behalf that they cannot be trusted with it. Publish, and let defenders act on their own systems.","Openness is valuable, but treating publication as automatically courageous can become a way to escape responsibility for consequences. A mature research culture knows when restraint is part of scientific seriousness. Controlled access keeps the lab answerable for what its work enables.",People exposed by a new exploit are usually absent from the release decision and may not know their systems are vulnerable. Restricting access keeps developers closer to those downstream risks while giving defenders time to repair before offensive capability spreads.,"NIST (2024), “Secure Software Development Practices for Generative AI and Dual-Use Foundation Models,” SP 800-218A. https://csrc.nist.gov/pubs/sp/800/218/a/final"
61,Education,Grouping pupils by attainment,"A secondary school is deciding how to organize classes. Grouping pupils by current attainment may help teachers target lessons, but lower groups can face weaker expectations. Mixed classes avoid fixed labels but are harder to teach. The school must choose attainment groups or mixed classes.","Teaching aimed at a narrower range reaches more pupils effectively than teaching pitched at everyone at once. Where movement between groups stays genuinely open, grouping raises total attainment enough to outweigh the misplacement it causes. On balance, group them.","Early grouping changes what a school offers. Lower placement cannot become a ceiling on what a pupil is taught. Any grouping system must use fair criteria and give every pupil a genuine, practical route into more demanding work.",Lower sets can harden into ordinary expectations. Teachers may begin expecting less from lower sets and call it realism. A school that normalizes that drift stops educating ambition and starts reproducing its own early judgments.,Placement also rearranges everyday classroom connections. A pupil placed low may lose adults who knew their progress and enter a room already treated as weaker. Mixed classes better preserve continuity and the chance to be noticed as learning changes.,"Education Endowment Foundation, “Setting and streaming.” https://educationendowmentfoundation.org.uk/education-evidence/teaching-learning-toolkit/setting-and-streaming"
62,Education,Make-up exams after illness,A secondary school is revising its exam policy. Allowing make-up tests after documented illness protects students from chance setbacks but adds work and extra preparation time. One fixed sitting is simpler and uniform. The choice is whether excused absences receive a make-up exam.,One missed sitting can distort a record. An unavoidable illness should not erase months of learning when a controlled make-up creates little extra burden. Offering one documented make-up date therefore produces a fairer result with limited system-wide cost.,"A student kept from the hall by illness has not chosen to miss the assessment, and should not carry a penalty for it. One common make-up date, documented cause, and identical standards keep treatment equal without pretending every absence is the same.",Exceptions test what examination rules are for. Refusing every exception can make consistency look like rigor when it is really inflexibility. A limited make-up policy lets the school keep standards firm without turning procedural neatness into its highest value.,Illness breaks the normal rhythm of assessment. A make-up exam leaves the student's place in the learning process intact while avoiding an open-ended exception. The school preserves continuity without asking classmates or teachers to absorb unlimited special arrangements.,"CGS Dhaka, “Rules and Regulations” — school policy documents no make-up tests and use of alternative assessment. https://www.cgsd.edu.bd/copy-of-uniform"
63,Education,Funding allocation between schools,An education authority has extra funding that cannot meet every school's needs. Equal shares are simple and visible. Giving more to schools serving poorer pupils may address deeper barriers but leaves others with less. Officials must choose equal increases or needs-based funding.,The same grant has different effects. A classroom lacking books or support can improve more from the same grant than one already well supplied. Directing more funds toward disadvantaged schools therefore creates the greater total educational benefit.,"Pupils are owed a genuine opportunity to learn, not an identical envelope. Where basic provision is already weaker, more may be directed there without wronging anyone, provided the basis for allocation stays public, consistent, and free of political influence.",An equal split can hide unequal conditions. Spreading money evenly can look fair while avoiding harder judgments about need. A responsible authority accepts the discomfort of unequal grants when equal shares would preserve unequal schooling.,"Public schools carry very different levels of dependence. Where families have few alternatives, missing resources are harder to replace. Needs-based funding draws the system closer to those communities while preserving trust through clear explanations to schools receiving smaller increases.","South African Government (2024), “South African Schools Act: National Norms and Standards for School Funding.” https://www.gov.za/documents/notices/south-african-schools-act-national-norms-and-standards-school-funding-30-sep-2024"
64,Education,Language used for instruction,A school system must choose the main teaching language in early grades. A home language improves immediate understanding and family connection. A wider language may help later study and employment. Leaders must decide whether to begin in the home language or shift earlier.,"Comprehension in the early years matters, but the wider language governs access to secondary study, employment, and information for decades afterward. Where teachers can support the transition properly, shifting earlier compounds advantage across an entire cohort's working life.","Instruction begins with access to meaning. Children cannot receive education meaningfully in words they do not understand. A language policy may prepare pupils for wider communication, but administrative convenience cannot justify sacrificing comprehension during the early years.","Language policy teaches more than vocabulary. A system that abandons a child's first language too quickly treats advancement as separation from home. Good judgment instead builds confidence in both languages, preparing pupils for wider communication without making one identity a barrier.","A familiar language keeps early schooling connected. It links the child, family, and teacher while unfamiliar routines are forming. Introducing a wider language gradually preserves that connection instead of making school feel foreign before trust and confidence have developed.","Jessica Ball (2011), UNESCO, “Enhancing learning of children from diverse language backgrounds: mother tongue-based bilingual or multilingual education in the early years.” https://unesdoc.unesco.org/in/documentViewer.xhtml?ark=/ark:/48223/pf0000212270"
65,Education,Mainstream or specialist placement,A placement team must decide where a disabled pupil will study. Mainstream classes offer daily learning with peers and fuller participation. A specialist setting may provide more intensive support than the local school can manage. The choice is mainstream placement with support or specialist placement.,"Separate settings trade participation for concentrated support. Mainstream placement usually adds social and educational gains that separation cannot replace. Unless specialist provision is needed for substantial progress or safety, supported mainstream schooling is likely to produce the better overall outcome.",Placement decisions shape access as well as location. The pupil has a claim to equal participation and to support that makes access meaningful. A specialist placement becomes permissible when it answers the pupil's actual needs rather than the institution's convenience.,"Inclusion can become either real or symbolic. Sending every child to a separate setting is equally revealing. The better institution is one that knows its limits, strengthens ordinary participation where possible, and admits when specialist help is necessary.","School placement reorganizes a child's daily circle. Mainstream placement keeps ordinary friendships close, but only if help is dependable. The setting should be the one where familiar connections and necessary assistance can both remain real.","Finnish National Agency for Education, “Support to learning and pupil welfare system.” https://www.oph.fi/en/education-and-qualifications/support-learning-and-pupil-welfare-system"
66,Education,Admissions preference for disadvantage,A university compares two applicants with similar potential but unequal school opportunities. One has slightly higher grades from a well-resourced school; the other achieved less with serious disadvantages. The admissions committee must choose between one academic threshold and a policy that considers educational context.,"Context changes what the same grade predicts. Giving some weight to educational context can identify capable students otherwise missed and widen social returns from higher education. On these facts, contextual admission is the better policy for both institutions and applicants.","An applicant is owed judgment on what they themselves have demonstrated, not on inferences drawn from the school or household they came from. Adjusting a threshold by circumstance judges people partly by their category. Hold the threshold.","Numbers can simplify a judgment too quickly. Treating grades as complete measures can mistake inherited opportunity for merit, while treating hardship as an automatic credential creates another shortcut. Contextual review asks selectors to exercise judgment without romanticizing either advantage or disadvantage.","Educational disadvantage travels with an applicant. Family resources, school support, and earlier opportunities shape the path to the admissions table. Contextual review makes those dependencies visible, while support after admission prevents an opened door from becoming an unsupported transition.","UCAS, “Contextual admissions.” https://www.ucas.com/applying/applying-university/individual-needs/contextual-admissions"
67,Education,Repeating or advancing a grade,A school team must decide whether a struggling pupil moves to the next grade. Repeating may give more time to learn but can damage motivation and peer ties. Advancing preserves friendships but leaves gaps. The team must choose repetition or advancement with support.,"Repeating a year changes more than timing. Evidence links repetition with stigma, disengagement, and later dropout, while learning gains are uncertain. Those harms usually outweigh another year of instruction, so advancement with targeted support is more likely to improve long-term outcomes.","Promoting a pupil who has not learned the material hands them a certificate instead of an education, which is the one thing the school owed them. Repetition joined with real teaching support is the honest response to unmet learning.","Either option can become an institutional shortcut. Passing the pupil onward may avoid a hard teaching problem, while repetition may display severity rather than seriousness. Advancement with substantial support better shows a school willing to remain responsible for the pupil's progress.",Progression also affects belonging and familiar support. Repetition can separate a pupil from friends and trusted teachers at the moment help is most needed. Keeping the pupil with peers while strengthening support preserves the bonds that may help learning recover.,"OECD (2025), “How do different education systems shape student pathways in primary and lower secondary education?”, Education at a Glance 2025. https://www.oecd.org/en/publications/education-at-a-glance-2025_1c0d9c79-en/full-report/how-do-different-education-systems-shape-student-pathways-in-primary-and-lower-secondary-education_f9f4d15e.html"
68,Education,Suspension or continued attendance,"A head teacher faces repeated threats by one pupil toward classmates. Suspension may protect others and signal consequences, but exclusion can deepen disengagement and remove access to support. The head teacher must decide between a temporary suspension and continued attendance under a strict support plan.","Repeated threats change the whole classroom climate. Fear disrupts many pupils, while exclusion can deepen one pupil's disengagement. Given repeated threats, a short suspension followed by structured re-entry reduces immediate harm and offers the stronger overall prospect for safety and recovery.","Classmates can demand protection from credible threats; the disciplined pupil can demand fair procedure and continued education. Neither claim cancels the other. A proportionate temporary suspension with clear return conditions honours both, provided the evidence is sound.",Authority is tested most when consequences are hard. Excluding the pupil indefinitely would show one failure; ignoring repeated threats would show another. A limited suspension followed by a serious return plan lets authority remain firm without becoming a habit of rejection.,"Sending the pupil away breaks the one set of adult relationships that might change the behaviour, and it does so at the moment those relationships are most needed. Keep the pupil in school, closely held, with the classroom made safe by adults.","UK Department for Education, “School suspensions and permanent exclusions” statutory guidance. https://www.gov.uk/government/publications/school-suspensions-and-permanent-exclusions"
69,Education,Teaching a contested national history,A curriculum committee is revising a textbook about a disputed national event. Several evidence-based accounts may deepen understanding but anger groups seeking one shared story. A single official account is simpler but may suppress legitimate perspectives. The committee must choose plural accounts or one narrative.,"A textbook shapes understanding far beyond one lesson. Multiple evidence-based accounts strengthen critical thinking and reduce the long-term costs of hiding credible history. Unless plural treatment is likely to trigger severe immediate harm, presenting several supported accounts offers the greater educational and civic benefit.","Curriculum choices determine which evidence stays visible. Students are entitled to truthful instruction rather than a politically convenient account. Legitimate disagreement should be presented honestly, with evidence distinguished from propaganda instead of using education to impose conformity on learners.",Contested history tests the habits a curriculum teaches. Choosing one convenient story may make unity easier but weakens intellectual seriousness. A mature curriculum lets uncertainty remain visible and expects students to face difficult evidence without treating every claim as equally sound.,"Public memory enters classrooms through family histories. Different communities may carry loss, pride, or exclusion from the same event. A plural account gives those memories room without humiliating others, helping students remain connected while overlooked voices become harder to erase.","Council of Europe (2018), “Quality history education in the 21st century: Principles and guidelines.” https://edoc.coe.int/en/teaching-history/7754-quality-history-education-in-the-21st-century-principles-and-guidelines.html"
70,Education,Religious observance in public school,"A public school's governing body is reviewing a regular religious observance. Many families value the shared tradition, while pupils of other beliefs may feel pressure even when attendance is optional. Leaders must choose whether to continue the observance or replace it with a nonreligious gathering.","A shared gathering affects belonging across the school. Because optional religious observance can still leave minorities exposed, replacing it with a nonreligious gathering is more likely to preserve cohesion while reducing exclusion across the whole school.","Religious observance changes the terms of participation. Pupils should not face institutional pressure to participate in worship. If the school cannot make refusal genuinely equal and consequence-free, a nonreligious gathering better respects every pupil's standing.",A school that dissolves an inherited practice at the first sign of discomfort teaches pupils that belonging is disposable. The braver course keeps the observance and does the harder work of making refusal genuinely costless.,"Daily rituals can quietly separate some families. Minority pupils may repeatedly become the ones who leave, refuse, or explain themselves. A common nonreligious gathering removes that social burden while preserving room for faith in relationships where participation is genuinely chosen.","South African Schools Act 84 of 1996, section 7, religious observances at public schools. https://www.saflii.org/za/legis/consol_act/sasa1996228/"
71,Education,Regulating private tutoring,"An education ministry is reviewing paid tutoring outside school. Tutoring can help pupils and provide teachers income, but wealthier families can buy advantages and teachers may pressure their own pupils to pay. The ministry must choose strict limits or broad freedom with basic safeguards.","Paid tutoring changes incentives inside ordinary schooling. It can raise achievement for some pupils, yet widen inequality and distort classroom teaching when teachers sell extra help to their own students. Strong limits on conflicts and coercive practices produce the greater system-wide benefit.","Private lessons can overlap with public obligations. Teachers should not use authority over existing pupils to create private customers or withhold proper classroom instruction. Regulation may still leave families free to hire independent tutors, preserving legitimate choice without coercion.","Money can alter the teacher-pupil role. When educators profit from needs they are already responsible for addressing, professional judgment becomes entangled with self-interest. Rules should block those arrangements while leaving honest independent tutoring outside the classroom relationship.",Paid help can reshape classroom trust. A pupil should not wonder whether full attention is reserved for families who can pay after class. Regulation should protect that bond while leaving room for outside tutoring that does not exploit dependence.,"Mark Bray (2009), UNESCO IIEP, “Confronting the shadow education system: what government policies for what private tutoring?” https://www.iiep.unesco.org/en/publication/confronting-shadow-education-system-what-government-policies-what-private-tutoring"
72,Education,Closing an under-enrolled school,"A school board is considering closing a small school with falling enrollment. Consolidation would save costs and concentrate staff, but pupils would travel farther and the community would lose a local institution. The board must choose closure or keeping the school open at higher cost.",Concentrating teachers and money in fewer buildings gives more pupils better staffed classrooms and specialist subjects a small school cannot sustain. Longer journeys are a real but bounded cost. Closure produces the larger educational gain for the district as a whole.,"Closure decisions affect access as well as budgets. Public funds must be managed responsibly, but pupils also deserve reasonable access and communities deserve fair consultation. Closing a school is permissible only through transparent criteria that take those claims seriously.","A shrinking school forces uncomfortable public choices. Keeping every building open can turn loyalty into avoidance, while closing by spreadsheet can turn efficiency into indifference. The board's decision should show that it owns both the savings sought and the disruption imposed.","Distance changes how families remain connected to school. Staff ties and community routines also disappear with closure. Those losses deserve more weight where alternatives are thin, because the affected relationships cannot be recreated by moving resources.","Ontario Ministry of Education (2015), “Pupil Accommodation Review Guideline.” https://efis.fma.csc.gov.on.ca/faab/Memos/B2015/B9_EN_attach2.pdf"
73,Education,Teacher force allegation,A pupil says a teacher used excessive force during a confrontation. The evidence is unsettled. Removing the teacher from pupil contact protects against possible harm but can damage reputation and disrupt classes. The head teacher must choose temporary removal or continued work with safeguards.,"Uncertainty makes both action and inaction risky. Another child could be harmed if the allegation is true, while temporary reassignment is reversible if it is false. Moving the teacher away from pupil contact during investigation therefore creates the safer balance of consequences.","Two claims arrive before the facts do. The teacher keeps the presumption of innocence and fair process; the children keep their claim to protection from avoidable risk. Temporary reassignment answers both, because a precaution is not a verdict.",Cases like this expose how leaders handle uncertainty. Leaving the teacher untouched may look loyal but can become denial; public punishment before facts are known can become scapegoating. Quiet temporary reassignment shows steadiness without pretending the investigation is already finished.,"Investigation can strain trust on both sides. The pupil needs to know that reporting possible harm does not require immediate contact with the accused teacher, while the teacher remains part of a professional community owed support. Temporary separation protects both relationships.","UK Department for Education (2025), “Keeping children safe in education 2025,” paras. 383–386 on suspension and alternatives during allegations. https://assets.publishing.service.gov.uk/media/68add931969253904d155860/Keeping_children_safe_in_education_from_1_September_2025.pdf"
74,Education,Child withdrawn for household work,A school head learns that a pupil stopped attending because the family needs the child's income. Formal referral may protect education but deepen hardship. Temporary withdrawal reduces pressure but risks permanent dropout. The school must choose referral or temporary acceptance while working with the family.,"School withdrawal creates immediate and future losses. Keeping a child in work may ease household pressure now but risks lasting educational harm. Formal referral is preferable when it connects the family to support, preserving schooling while reducing the hardship that caused withdrawal.",Household need does not erase educational claims. A child's right to schooling cannot be traded away because the family needs income. The school should use proper attendance procedures while public support addresses poverty rather than accepting the loss of education.,"Poverty makes simple rule-following morally revealing. Ignoring the withdrawal would let hardship quietly erase a child's future, while rigid enforcement could become hardness toward the family. Formal action joined with practical help proves the school takes both education and poverty seriously.","A referral turns the school into another authority pressing on a household already stretched, and the child still goes home to that household every night. Better to stay alongside the family, find the income elsewhere, and keep the door open.","UNICEF Innocenti (2024), “Child Labour and Schooling in Bangladesh: Insights from data and evidence.” https://www.unicef.org/innocenti/reports/child-labour-and-schooling-bangladesh"
75,Education,AI detector and disputed authorship,"An instructor suspects an essay was AI-generated after detection software flags it. The student denies this, and the tool can be wrong. Ignoring the flag may miss misconduct; treating it as proof may punish innocent work. The instructor must decide whether stronger evidence is required.","A detector flag creates two kinds of error. False accusations can damage grades, trust, and academic standing more severely than one missed misconduct case. Requiring stronger evidence before a formal case therefore minimizes expected harm while preserving a credible route to investigate suspicious work.","Suspicion changes a student's standing before proof exists. A detector score may justify questions, but formal accusation requires adequate evidence and a fair chance to respond. Due process protects the student without preventing the instructor from investigating genuine concerns.","Software can make uncertainty look more settled. Treating a score as proof would make the institution less responsible, not more objective. The better academic practice is to investigate, admit uncertainty, and own the final assessment rather than outsource it.","Academic suspicion enters an existing teaching relationship. The student depends on the instructor to judge work fairly, not merely process a score. Conversation and stronger evidence keep that relationship open while still allowing genuine concerns about authorship to be investigated.","Weber-Wulff et al. (2023), “Testing of detection tools for AI-generated text,” International Journal for Educational Integrity. https://link.springer.com/article/10.1007/s40979-023-00146-z"
76,Education,Remote exam surveillance,"A university must supervise an important online exam. Remote proctoring records students at home and flags unusual behavior, which may deter cheating. It also enters private spaces and can misread ordinary movements. Leaders must choose required proctoring or a less intrusive assessment with weaker surveillance.","Remote monitoring spreads risk across every examinee. It may deter cheating, but it also creates privacy loss, stress, and false suspicion across the whole cohort. When assessment can be redesigned instead, those broader harms make a less intrusive format the safer net choice.","Online assessment still reaches into private space. Students may be required to prove identity and follow examination rules, but surveillance must remain necessary and proportionate. If integrity can be protected another way, excessive recording of students' homes lacks sufficient justification.",Surveillance can become an easy substitute for trust. A university that responds to every risk by watching more closely gradually becomes suspicious by design. Redesigning assessment shows that standards can be protected without allowing technological convenience to define the institution's posture.,"Home is not equally private for everyone. Students may share rooms, live with family, or manage disabilities that make surveillance more intrusive. A less invasive assessment preserves those relationships and keeps human support available when unusual behavior needs explanation.","Coghlan, Miller & Paterson (2021), “Good Proctor or ‘Big Brother’? Ethics of Online Exam Supervision Technologies,” Philosophy & Technology. https://pubmed.ncbi.nlm.nih.gov/34485025/"
77,Education,Automated scoring of student writing,"An assessment provider is considering automated essay scoring. The system is fast and consistent and can reduce marking costs, but it may miss creativity or unusual reasoning that human readers understand. The provider must choose machine-determined scores or automated scoring combined with human judgment.","Automated marking trades scale for interpretive limits. It can improve consistency and lower costs, but unreviewed errors may alter educational paths. Combining machine scoring with human review keeps most efficiency gains while reducing costly misjudgments, so the hybrid approach performs best.",A score can affect standing without explaining itself. Students are entitled to assessment by relevant criteria and a process that can correct mistakes. Human review preserves accountability when an automated judgment influences educational standing or future opportunities.,"Measurement tools can quietly redefine good writing. If evaluators accept only what software recognizes, efficiency begins determining the meaning of quality. Keeping human judgment in the process shows that the provider still accepts responsibility for interpretation and difficult cases.",Writing still passes from one person to another. A student whose voice or language falls outside the system's patterns needs an actual reader when the score seems wrong. Human review keeps assessment responsive instead of leaving the student with an unanswerable mechanism.,"ETS, “About the e-rater Scoring Engine.” https://www.ets.org/erater/about.html"
78,Education,Student AI use and disclosure,A course permits generative AI for parts of written assignments. The instructor must decide whether students disclose how they used it. Disclosure can clarify authorship but may discourage legitimate assistance and add reporting work. The choice is required disclosure or permitted use without reporting.,"Detailed reporting on permitted assistance rarely changes what a marker can tell about the work, but it does deter students from using a tool the course already allows. The reporting cost buys little and discourages legitimate use.","Permitted assistance still affects what authorship means. A student should not create a false impression about who produced the assessed contribution. When AI materially shapes the submission, acknowledging that assistance is part of honest authorship under clear and consistent rules.",Tool use can shape habits of ownership. Hiding permitted assistance can still train students to avoid responsibility for how work was produced. A brief disclosure keeps AI use connected to intellectual ownership without turning transparency into ritual paperwork.,Unclear boundaries can make students hide uncertainty. A simple disclosure rule leaves conversation with the instructor open and gives students a safe way to ask what is acceptable. The requirement works best when uncertainty invites guidance rather than punishment.,"University of Auckland, “Advice for students on using Artificial Intelligence.” https://www.auckland.ac.nz/en/students/forms-policies-and-guidelines/student-policies-and-guidelines/academic-integrity-copyright/advice-for-student-on-using-ai.html"
79,Education,Equal access to school-provided AI,"A school system is considering giving every pupil access to an approved generative AI tool. Equal access could reduce advantages held by families buying commercial tools, but the system can still make mistakes or unsuitable suggestions. Leaders must choose broad access or continued restriction.","School-provided AI changes access and exposure together. A protected tool can spread learning benefits more evenly while reducing reliance on less controlled commercial systems. With safeguards already built in, broad access is likely to create more educational benefit than continued restriction.","A school may not hand every pupil a system it knows produces confident falsehoods, however evenly it hands it out. Equal exposure to an unreliable tool is not equal treatment. Access should wait until the school can stand behind it.","New tools test whether adoption is thoughtful. Refusing them simply from fear can become timidity, while distributing them to appear modern makes innovation performative. Guarded access better teaches pupils to question powerful tools rather than either worshipping or avoiding them.","School access matters most where home access is thin. Pupils without comparable tools depend more heavily on what school provides. Giving them the approved system narrows that gap, but teachers should remain available when the tool confuses or misleads.","New South Wales Department of Education, “Student use of NSWEduChat.” https://education.nsw.gov.au/schooling/parents-and-carers/artificial-intelligence/student-use-of-nsweduchat"
80,Education,Predictive alerts for struggling students,"A university uses activity data to predict who may fail a course. Advisers can contact flagged students early, but predictions can be wrong and students may feel watched or labeled. Leaders must choose whether alerts trigger outreach or support begins only when students ask.","Early alerts change when support begins. A respectful message can prevent failure for students who might otherwise remain unnoticed, while a false prediction creates limited harm if no penalty follows. Supportive outreach therefore offers greater overall benefit than waiting for self-referral.","Prediction changes how institutions may treat a person. An alert can justify offering help, but it should never restrict opportunities or treat predicted failure as fact. The student remains entitled to privacy, explanation, and freedom to decline support.","Forecasts can tempt advisers to stop judging. Ignoring useful warning signs would be negligent, but treating a score as destiny would make advisers intellectually lazy. Using alerts as questions rather than verdicts keeps judgment active and revisable.","Outreach can restore contact before failure becomes isolation. Students most in need of help may be least able to ask for it. A personal message can reopen connection, provided advisers listen to the response and do not turn support into monitoring.","The Open University, “Learning analytics.” https://help.open.ac.uk/index.php/learning-analytics"
81,Business,Legal wage or living wage,"A retailer's overseas supplier pays the legal minimum wage, but workers say it does not cover basic living costs. Raising wages would increase prices and might reduce orders or jobs. The buyer must keep the legal rate or require a higher living wage.","A wage floor above the local market raises pay for whoever keeps a job and removes the jobs that no longer clear. In a district with few alternatives, the orders themselves are the benefit. Keep the legal rate and expand the order book.",Legal compliance is not the whole obligation when a company knowingly relies on wages too low for basic needs. Workers must not be used merely as cheap inputs. The buyer should require pay compatible with decent subsistence and safe employment.,A firm shows what it thinks workers are worth through the conditions it is willing to purchase. Hiding behind the legal minimum makes compliance a ceiling on responsibility. Requiring better pay makes the supply relationship less dependent on convenient poverty.,"These wages enter particular households as rent, food, medicine, and school costs. Walking away from the supplier could also remove that income completely. A responsible buyer should raise pay gradually while keeping orders stable enough to protect those families.","Werner A, Lim M. (2016), “The Ethics of the Living Wage: A Review and Research Agenda,” Journal of Business Ethics. https://link.springer.com/article/10.1007/s10551-015-2562-z"
82,Business,Child labor at a supplier,A brand discovers that a supplier employs children whose families depend on their wages. Ending the contract would remove the children from this factory but may push them into worse work. The buyer must terminate immediately or fund remediation while continuing the contract.,Immediate termination cleans the buyer's supply chain but may leave the children poorer and less safe. Keeping the supplier temporarily while funding school access and replacement family income addresses the harm without removing livelihood. Remediation leaves fewer people worse off.,"Children have a claim not to be used in prohibited labor, and commercial benefit cannot excuse that violation. The buyer may continue only as part of a verified remediation plan that ends the work promptly. An ordinary business relationship cannot continue unchanged.",A company can protect its reputation faster than it can protect a child. Cutting the supplier loose may display purity while exporting the problem elsewhere. Staying long enough to repair the situation makes responsibility more than distancing the brand from blame.,"The child is connected to parents, siblings, school, and the income that keeps the household functioning. Removing one harmful relationship without replacing what it provided can deepen another harm. Remediation should keep the family supported while the child leaves work.","International Labour Organization (2021), “Supplier guidance on preventing, identifying and addressing child labour.” https://www.ilo.org/publications/supplier-guidance-preventing-identifying-and-addressing-child-labour"
83,Business,Defect in an implanted device,"A medical-device maker finds a small failure risk in an implanted product already used by patients. Warning everyone may trigger risky removal surgeries, while silence denies patients information about their own bodies. Executives must notify all affected patients or monitor quietly through physicians.","Notifying everyone converts a small failure risk into thousands of explant operations, each carrying its own surgical mortality. The removals will kill more people than the defect does. Monitor through physicians and warn only where risk is concentrated.",Patients carrying the device are entitled to material information needed for decisions about their own bodies. The manufacturer cannot withhold a known defect because disclosure may produce difficult choices. Notify patients through their clinicians and let informed individuals decide what follows.,A defect tests whether the manufacturer sees uncertainty as a reason for candor or concealment. Quiet monitoring protects the company from alarm as much as patients from surgery. Open risk communication accepts that trust requires sharing bad information before certainty arrives.,"Each patient lives differently with the implanted device, and a population-wide recall cannot capture those differences. Clinicians should contact patients personally, explain both failure and surgery risks, and remain available afterward. The relationship must carry the uncertainty rather than secrecy.","U.S. Food and Drug Administration, “What is a Medical Device Recall?” https://www.fda.gov/medical-devices/medical-device-recalls-and-early-alerts/what-medical-device-recall"
84,Business,Customer encryption and lawful access,A technology company sells encrypted devices that even the company cannot unlock. Investigators present a lawful order seeking access to one serious criminal case. Building special access could help the investigation but create a method others may exploit. Executives must build access or refuse.,"One investigation may prevent serious harm, yet a reusable access method can weaken security for millions of ordinary users and future targets. Because that vulnerability scales beyond this case, refusing to create it produces the safer overall consequences despite the investigative loss.","A lawful order creates a serious obligation to assist legitimate investigation, but it does not automatically require creating a new capability that compromises other customers' security. The company should comply with information it possesses while refusing to manufacture a general vulnerability.","The company promised security before the difficult case arrived. Creating an exceptional weakness under pressure would show that promise lasts only until keeping it becomes costly. Refusal demonstrates constancy of purpose, provided leaders also cooperate fully through methods that do not undermine the product.","The victim of the investigated crime deserves help, while millions of customers depend on the same encryption for safety from abuse, theft, and surveillance. The company should support investigators through other evidence without changing a protective relationship relied on by everyone else.","National Academies of Sciences, Engineering, and Medicine (2018), “Decrypting the Encryption Debate: A Framework for Decision Makers.” https://www.nationalacademies.org/read/25010"
85,Business,Pricing a breakthrough medicine,A pharmaceutical company owns a newly approved treatment that can transform a serious illness. A very high price would fund investors and future research but leave many patients without access. The board must choose a premium price or a lower price that expands treatment.,"Today's patients are visible and tomorrow's are not, but the pipeline is paid for out of prices like this one. A premium price on one treatment funds the treatments that do not yet exist. Set the price high and licence generically later.","A patent grants control over the medicine, not permission to exploit desperate need without limit. Patients remain persons with serious claims to access, while investors also have legitimate contractual interests. The company should set a fair sustainable price rather than maximize what illness permits.",Scarcity of a cure can make market power feel like ordinary pricing power. A company that extracts the maximum from desperation becomes shaped by that choice. Charging less while remaining viable shows commercial success need not depend on testing how much suffering can bear.,"The medicine reaches the company as revenue but reaches patients as time, health, and continued family life. Pricing should begin from those dependent on treatment, including people without strong insurance or wealth. A lower sustainable price keeps that relationship from becoming exclusion.","Parker-Lue S, Santoro M, Koski G. (2015), “The Ethics and Economics of Pharmaceutical Pricing,” Annual Review of Pharmacology and Toxicology. https://pubmed.ncbi.nlm.nih.gov/25149920/"
86,Business,Classifying platform drivers,"A ride platform controls fares, ratings, and access to customers, while drivers choose when to log in and use their own cars. Employee status would bring protections but raise costs and reduce flexibility. The company must classify drivers as employees or independent contractors.","Contractor status preserves flexible entry and may keep prices lower, but workers can carry accident, illness, and income risks the platform helps create. Given the company's control over core terms, employee status better distributes those costs and produces more secure overall welfare.","Classification should follow the real relationship rather than whichever label costs the company less. When the platform controls essential terms of work, it assumes corresponding obligations toward those performing it. Drivers should receive employee protections if the substance of the relationship is employment.","Calling workers independent while controlling price, access, and discipline lets the company keep authority without acknowledging what authority makes it. An institution that names the relationship honestly is less likely to build its business on responsibility shifted downward.","A driver absorbs fuel, injury, illness, and unstable demand personally while the platform organizes the work around them. Employment protections keep those risks from falling entirely on households that depend on each week's earnings, even if some scheduling flexibility is reduced.","International Labour Organization (2021), “The role of digital labour platforms in transforming the world of work.” https://www.ilo.org/publications/flagship-reports/role-digital-labour-platforms-transforming-world-work"
87,Business,Choosing a ship recycling yard,A shipping company must retire an old vessel. A cheaper recycling yard provides many local jobs but has weaker worker protections and hazardous conditions. A certified safer yard costs more and reduces the sale value. Executives must choose the cheaper yard or safer facility.,"The cheaper yard supports employment and recycles valuable material, but severe injuries and toxic exposure impose costs workers cannot easily avoid. Paying more for a safer facility preserves the recycling benefit while reducing concentrated harm. The company should choose the safer yard.","Selling the vessel does not end responsibility for foreseeable conditions under which it will be dismantled. Workers may need the job, but that need cannot make avoidable danger acceptable. The company should contract with a facility that meets credible safety standards.",The last owner decides whether responsibility ends when the ship leaves its books. Choosing the lowest bidder while knowing how the savings are produced makes distance a moral excuse. Paying for safer recycling keeps stewardship attached to the asset until its end.,"The men at the cheaper yard are not an abstraction either, and the ship leaving takes their work with it. Standards written far away are enforced on people who were not asked. Send it there, and pay for the equipment they lack.","International Labour Organization (2004), “Safety and health in shipbreaking: Guidelines for Asian countries and Turkey.” https://www.ilo.org/publications/safety-and-health-shipbreaking-guidelines-asian-countries-and-turkey"
88,Business,Microfinance growth and poorer borrowers,"A microfinance lender can attract commercial funding by making larger loans to safer, better-off borrowers. That strategy would expand the institution and stabilize finances but leave fewer resources for poorer clients it was created to serve. Leaders must pursue growth or preserve poorer outreach.","Commercial growth can fund more lending overall, and larger reliable loans may subsidize smaller ones. If expansion genuinely increases the number of poor borrowers ultimately served, accepting commercial capital is worthwhile. Growth should proceed with a measurable floor protecting poorer outreach.",The institution was entrusted with a stated purpose of serving people excluded from ordinary finance. Quietly replacing them with safer customers while keeping the social mission in public language breaks that commitment. Growth is permissible only if the original beneficiaries remain substantively included.,"Mission drift often begins without anyone announcing a new mission. Targets, incentives, and easier clients slowly redefine what success means. Leaders should notice that change before profitability becomes the institution's identity and preserve practices that keep difficult borrowers visible.",Poorer borrowers are precisely the people with the fewest alternative lenders when this institution moves upward. Growth that leaves them behind breaks a relationship built around exclusion from mainstream finance. Expansion should be structured so their access does not become the sacrifice.,"Maîtrot M. (2019), “Understanding Social Performance: A ‘Practice Drift’ at the Frontline of Microfinance Institutions in Bangladesh,” Development and Change. https://onlinelibrary.wiley.com/doi/full/10.1111/dech.12398"
89,Business,Marketing infant formula safely,"A formula producer wants to expand sales where many families lack reliable clean water and health information. Advertising may help parents who need substitutes find a product, but aggressive promotion can displace safer breastfeeding. Managers must market broadly or restrict promotion to health-guided channels.","Formula is essential for some infants, but broad promotion can change feeding choices far beyond those cases and increase infection where preparation is unsafe. Restricting promotion while keeping the product available through reliable health information prevents more harm across families.","Parents are entitled to accurate information rather than persuasion that exploits uncertainty about infant feeding. The company may sell a lawful substitute, but it should not manipulate caregivers into abandoning safer options without informed reasons. Promotion should be restricted and factual.",A market opportunity becomes revealing when customers cannot easily evaluate the risk attached to increased consumption. A company that moderates its own promotion refuses to turn informational advantage into sales pressure. Restraint here protects the difference between serving demand and manufacturing it.,"An infant depends entirely on the caregiver's feeding decision and on whether safe preparation is actually possible at home. Marketing should support that bond with clear guidance, not add pressure. Promotion belongs where families can receive help choosing and using substitutes safely.","World Health Organization (2024), “Marketing of breast-milk substitutes: national implementation of the international code, status report 2024.” https://www.who.int/publications/b/74180"
90,Business,Sales targets and customer consent,"A bank's ambitious sales targets have increased revenue, but complaints show some employees opening products customers did not clearly request. Lowering targets may slow growth and reduce bonuses. Senior leaders must keep the targets with tighter monitoring or reduce them and accept lower sales.","High targets create real revenue, yet even a small rate of unauthorized sales can spread fees, complaints, remediation costs, and mistrust across many customers. Reducing the targets removes the incentive at its source and is likely to produce the better long-term outcome.",Customer consent is not a performance variable that may be traded against growth. Management must design incentives that do not pressure employees to obtain products without genuine authorization. Targets should be reduced when the system predictably undermines that basic requirement.,"Targets teach employees what leadership actually rewards. If managers praise numbers while treating complaints as an implementation problem, the institution becomes fluent in looking away. Lowering the targets admits that growth achieved through compromised consent is not success worth keeping.",Frontline employees and customers meet inside the pressure created by senior management. Extreme targets can make workers fear missing quotas and customers absorb the result. Reducing the pressure protects both sides of that relationship instead of asking monitoring to repair it afterward.,"Consumer Financial Protection Bureau (2016), “CFPB Warns Financial Companies About Sales and Production Incentives That May Lead to Fraud or Consumer Abuse.” https://www.consumerfinance.gov/archive/newsroom/cfpb-warns-financial-companies-about-sales-and-production-incentives-may-lead-fraud-or-consumer-abuse/"
91,Business,Automation and workforce layoffs,"A manufacturer can automate a large part of production and remain competitive, but many long-serving workers would lose their jobs. Delaying automation protects employment for now but raises the risk the whole plant later becomes uncompetitive. Executives must automate quickly or phase the change.","Rapid automation may preserve the company yet concentrate severe losses on workers and the surrounding economy. A phased transition with retraining captures much of the productivity gain while giving people time to move. Unless delay threatens survival, phasing distributes the loss more tolerably.","Workers are not guaranteed permanent jobs, and management may adopt productive technology when business conditions require it. But long service creates obligations of fair notice and honest transition. Automation is permissible if layoffs follow transparent terms rather than treating people as disposable costs.","Loyalty that keeps people in work the firm cannot sustain is sentimentality wearing gratitude's clothes, and it ends with everyone losing the job at once. The honest course is to move quickly, say so plainly, and pay generously on the way out.","The lost job may also be a mortgage payment, school fee, medical coverage, and community role. A phased transition gives families time to reorganize those dependencies. The company should automate in a way that does not make workers carry the whole adjustment overnight.","Acemoglu D, Restrepo P. (2020), “Robots and Jobs: Evidence from US Labor Markets,” Journal of Political Economy. https://www.journals.uchicago.edu/doi/full/10.1086/705716"
92,Business,Aggressive corporate tax planning,"A multinational can legally shift profits through low-tax jurisdictions and greatly reduce its tax bill. The savings benefit shareholders and investment, but the company still depends on public infrastructure and services where it operates. Directors must use the structure or pay more locally.","Lower taxes can finance investment, wages, and lower prices, but widespread aggressive avoidance weakens public services and shifts burdens to others. Because the strategy depends on rules working differently for this firm than for the system as a whole, directors should reject it.","Directors are stewards of money belonging to others, and paying more tax than the law requires spends it on a preference the owners never agreed to. The remedy for a rule that permits too much is to change the rule, not to disobey it.",A firm can obey every sentence of a statute while teaching itself to ask only how little contribution is unavoidable. That habit turns cleverness into evasion. Paying a reasonable share reflects an institution willing to belong to the society from which it profits.,"Tax savings appear on corporate accounts; reduced public revenue appears in schools, transport, clinics, and services used by workers and communities around the business. Directors should not treat those shared supports as someone else's responsibility while continuing to depend on them.","Lenz H. (2020), “Aggressive Tax Avoidance by Managers of Multinational Companies as a Violation of Their Moral Duty to Obey the Law: A Kantian Rationale,” Journal of Business Ethics. https://link.springer.com/article/10.1007/s10551-018-4087-8"
93,Business,High-risk mortgage lending,"A lender can approve mortgages with low initial payments for borrowers who cannot afford the later full rate unless income rises. The loans expand home access and generate profit, but defaults could cause foreclosure. Managers must offer the loans or require affordable long-term payments.","Some borrowers gain homes they would otherwise miss, but loans designed around hoped-for future income create predictable foreclosure risk for households and neighborhoods. Requiring payments borrowers can sustain sacrifices some approvals now while preventing larger downstream losses. Use the safer standard.","A lender may charge for risk, but it must not present a loan as affordable when the contract is structured around payments the borrower is unlikely to meet. Fair dealing requires terms customers can understand and a genuine assessment of repayment ability.",Selling a loan that works only if everything goes right turns optimism into a sales tool. A lender that earns today while leaving tomorrow's failure with the borrower practices cleverness without judgment. Sustainable underwriting is a better measure of responsible enterprise.,"Foreclosure reaches children, partners, neighbors, and local stability long after the original signature. The borrower may desperately want the house, but that desire should not be used against them. Lending should support a home that the household can realistically keep.","Watkins JP. (2011), “Banking Ethics and the Goldman Rule,” Journal of Economic Issues 45(2). https://www.tandfonline.com/doi/abs/10.2753/JEI0021-3624450213"
94,Business,Emergency pricing during a shortage,"After a disaster, a retailer has few generators left. Wholesalers can send more quickly if the retailer accepts higher replacement costs. Raising prices could fund restocking and discourage hoarding, but poorer families may be shut out. Managers must raise prices or ration at near-normal prices.","Higher prices can discourage hoarding and draw replacement stock into the damaged area faster, increasing the number of generators eventually available. Because supply responds to the price signal here, raising prices is likely to help more households overall than fixed-price rationing.","People facing an emergency should not become a captive market simply because demand suddenly exceeds supply. The retailer may recover genuine higher costs, but using desperation to extract whatever buyers will pay fails fair dealing. Keep prices near normal and ration fairly.","A crisis reveals whether pricing is treated as allocation or opportunity. Refusing every increase may slow restocking, while exploiting panic makes need itself profitable. A restrained retailer keeps prices close to ordinary levels and uses rationing rather than turning scarcity into windfall revenue.","The customer unable to pay the new price may be caring for children, an older relative, or someone dependent on electricity for safety. Rationing lets limited stock reach more households without deciding access by wealth. Keep prices near normal.","Snyder J. (2009), “What’s the Matter with Price Gouging?” Business Ethics Quarterly 19(2). https://www.cambridge.org/core/journals/business-ethics-quarterly/article/abs/whats-the-matter-with-price-gouging/79B4985901C7D78C215219124C000B69"
95,Business,Polluting plant and local jobs,"A factory is the largest employer in its town but repeatedly pollutes a nearby river. Installing full controls would make the plant unprofitable, while closure would remove many livelihoods. The owner must keep operating with partial controls or close until cleaner production is viable.","Closure protects health and the river but can impose immediate unemployment across an entire town. If partial controls materially reduce pollution while keeping the plant alive, continued operation during a fixed transition period creates less total harm than abrupt shutdown.","Employment does not give a company permission to impose unconsented pollution on neighbors who bear the health and environmental costs. If safe operation cannot be achieved, the owner must stop production rather than make one community the involuntary price of other people's jobs.",A business becomes irresponsible when it treats jobs as a shield against correcting damage it causes. Yet closing overnight can also abandon the people who built the plant. A credible transition toward cleaner production avoids both excuses: pollution and disposable employment.,Workers and riverside families are not separate stakeholder lists; they may be the same households. Closing the plant protects health while threatening income. A timed transition with wage support and pollution reduction keeps responsibility connected to both forms of dependence.,"Hasan MN, Uba C. (2026), “Shifting harm without solving it: The socio-political dynamics of industrial relocation failure in Bangladesh’s tannery industry,” Environment and Planning C. https://journals.sagepub.com/doi/10.1177/23996544261444714"
96,Business,Recall before anyone is injured,"A manufacturer learns that a household product has a defect that could rarely cause serious injury, although no injuries have been reported. A full recall would be expensive and discard many safe units. Executives must recall now or investigate further while sales continue.","The defect is rare, but the potential injury is serious and continued sales increase the number of exposed households. A temporary stop and recall of affected batches prevents irreversible harm at a cost spread across the company. Recall now and investigate simultaneously.","Customers were sold a product on the understanding that known serious hazards would not be concealed from them. The absence of reported injury does not remove that obligation. Distribution should stop, the defect should be reported, and affected customers should be informed.",Waiting for the first injured customer would make harm the evidence needed to justify responsibility. A manufacturer that acts before a casualty accepts uncertainty in the direction of safety rather than revenue. That is what ownership of a product should mean.,The person who encounters the rare defect will bear nearly all of the consequence while the company spreads recall cost across millions of sales. Acting early stops that unequal burden from falling on an unknown household simply because no one has been hurt yet.,"U.S. Consumer Product Safety Commission, “Duty to Report to CPSC: Rights and Responsibilities of Businesses.” https://www.cpsc.gov/Business--Manufacturing/Recall-Guidance/Duty-to-Report-to-CPSC-Rights-and-Responsibilities-of-Businesses"
97,Business,Closing the last local branch,"A bank's last branch in a small town is losing money as customers move online. Closing it would cut costs, but older residents and small businesses still rely on in-person services. Executives must close the branch or keep it open despite losses.","Keeping one lightly used branch permanently may consume resources that serve more customers elsewhere, but closure imposes unusually high costs on people with few substitutes. A smaller branch with reduced hours preserves essential access while limiting losses. Do not close completely.","A bank is not required to operate every unprofitable location indefinitely. If accounts remain accessible through reasonable alternatives and contractual services continue, closure can be permissible. The company must give fair notice and ensure customers can retrieve funds and records without obstruction.",Efficiency can become an excuse for forgetting why a branch existed in the first place. Leaving the town only after digital customers make everyone else uneconomic would show a narrow idea of service. Reducing hours is a better form of practical stewardship.,"For a customer who cannot drive or use online banking confidently, the branch is not a convenience but the relationship through which money remains usable. Keeping some staffed access preserves that dependence without requiring the bank to maintain the full old operation.","Federal Reserve Board (2019), “Perspectives from Main Street: Bank Branch Access in Rural Communities.” https://www.federalreserve.gov/publications/november-2019-bank-branch-access-in-rural-communities.htm"
98,Business,Paying small suppliers first,"A large company has a temporary cash shortage and cannot pay every supplier on time. Paying strictly by due date is predictable, but several small suppliers may fail if delayed. The finance chief must follow invoice order or prioritize smaller suppliers facing collapse.","A short delay costs every supplier something, but insolvency at a small firm can destroy jobs and future supply capacity while a larger vendor survives the same delay. Prioritizing the most fragile suppliers prevents the greater total loss during this temporary shortage.",Suppliers delivered goods under agreed payment terms and are entitled to performance according to those commitments. The company cannot rewrite priority after receiving the benefit simply because some creditors appear stronger. Pay according to contractual due dates unless suppliers voluntarily agree otherwise.,"Cash pressure exposes whether the company treats suppliers as partners or as financing it can take without consent. Protecting smaller firms may be defensible, but secretly moving others down the queue is not. Leaders should negotiate openly rather than improvise private fairness.","A delayed invoice at a small supplier can become missed wages the same week, while a large vendor may have credit lines and reserves. Priority should follow where payment sustains the most dependent business ties, accompanied by direct explanation to those waiting.","OECD (2019), “Financing SMEs and Entrepreneurs 2019,” section on payment delays and SME survival. https://www.oecd.org/en/publications/financing-smes-and-entrepreneurs-2019_fin_sme_ent-2019-en/full-report/component-7.html"
99,Business,Takeover premium and planned layoffs,"A company's board receives a takeover offer far above the current share price. The buyer plans to combine operations and eliminate many local jobs, while rejecting the offer may leave shareholders with less value. Directors must accept the premium or remain independent.","Shareholders gain immediately from the premium, but large layoffs can reduce household income, local spending, and valuable firm knowledge after the merger. When the company is healthy without the deal, those wider losses can outweigh the premium. The board should reject it.","Directors hold formal responsibilities toward the corporation and its shareholders, while employees also have contractual rights that must be honored. If the governing rules require serious consideration of the superior offer, directors cannot reject it merely to preserve existing jobs.","A board that treats the highest bid as the complete meaning of stewardship reduces a living institution to its sale price. Refusing a lucrative offer can be justified when independence protects work, knowledge, and commitments the company has deliberately built.","The premium is distributed to owners, while job losses arrive in particular households and communities that cannot diversify the shock. Directors should consider those relationships before accepting. If the company can remain viable alone, preserving them weighs heavily against the sale.","Krishnan HA, Hitt MA, Park D. (2007), “Acquisition Premiums, Subsequent Workforce Reductions and Post-Acquisition Performance,” Journal of Management Studies. https://doi.org/10.1111/j.1467-6486.2006.00672.x"
100,Business,Enforcing a worker noncompete,"A company funded specialized training for an employee who now wants to join a direct competitor. A signed noncompete blocks the move for a year and protects the firm's investment, but limits the worker's career. Executives must enforce the clause or release the employee.","Enforcement may encourage firms to invest in training, but restricting mobility also suppresses wages, knowledge diffusion, and better job matches across the market. Unless the employee holds genuinely sensitive information, releasing them creates broader economic benefit than protecting this training investment.","The employee knowingly accepted training under a contract containing the restriction, and the company spent money in reliance on that agreement. If the clause is proportionate and lawful, keeping the promise matters. The firm may enforce it rather than absorb the entire bargain.",Training someone and then treating their improved ability as property confuses investment with ownership of a person. A confident firm protects real secrets but does not fear every departure. Releasing the employee proves that developing people was not merely a way to bind them.,"A year outside the worker's field can affect income, family plans, and an entire career trajectory, while the company can protect specific confidential information separately. Releasing the clause keeps the employment relationship from reaching beyond departure farther than genuine trust requires.","Andrews D, Garnero A. (2025), “Five facts on non-compete and related clauses in OECD countries,” OECD Economics Department Working Papers No. 1833. https://doi.org/10.1787/727da13e-en"
